45 8388608 4 8193
20 21 22 23 24 25 26 27 28 29 30 31 32 33 34 35 36 37 38 39 40 41 8388566 8388567 8388568 8388569 8388570 8388571 8388572 8388573 8388574 8388575 8388576 8388577 8388578 8388579 8388580 8388581 8388582 8388583 8388584 8388585 8388586 8388587 8388588
0 0 0


0 0 1024


0 0 2048


0 0 3072


0 0 4096


0 0 5120


0 0 6144


0 0 7168


0 0 8192


0 0 9216


0 0 10240


0 0 11264


0 0 12288


0 0 13312


0 0 14336


0 0 15360


0 0 16384


0 0 17408


0 0 18432


0 0 19456


0 0 20480


0 0 21504


0 0 22528


0 0 23552


0 0 24576


0 0 25600


0 0 26624


0 0 27648


0 0 28672


0 0 29696


0 0 30720


0 0 31744


0 0 32768


0 0 33792


0 0 34816


0 0 35840


0 0 36864


0 0 37888


0 0 38912


0 0 39936


0 0 40960


0 0 41984


0 0 43008


0 0 44032


0 0 45056


0 0 46080


0 0 47104


0 0 48128


0 0 49152


0 0 50176


0 0 51200


0 0 52224


0 0 53248


0 0 54272


0 0 55296


0 0 56320


0 0 57344


0 0 58368


0 0 59392


0 0 60416


0 0 61440


0 0 62464


0 0 63488


0 0 64512


0 0 65536


0 0 66560


0 0 67584


0 0 68608


0 0 69632


0 0 70656


0 0 71680


0 0 72704


0 0 73728


0 0 74752


0 0 75776


0 0 76800


0 0 77824


0 0 78848


0 0 79872


0 0 80896


0 0 81920


0 0 82944


0 0 83968


0 0 84992


0 0 86016


0 0 87040


0 0 88064


0 0 89088


0 0 90112


0 0 91136


0 0 92160


0 0 93184


0 0 94208


0 0 95232


0 0 96256


0 0 97280


0 0 98304


0 0 99328


0 0 100352


0 0 101376


0 0 102400


0 0 103424


0 0 104448


0 0 105472


0 0 106496


0 0 107520


0 0 108544


0 0 109568


0 0 110592


0 0 111616


0 0 112640


0 0 113664


0 0 114688


0 0 115712


0 0 116736


0 0 117760


0 0 118784


0 0 119808


0 0 120832


0 0 121856


0 0 122880


0 0 123904


0 0 124928


0 0 125952


0 0 126976


0 0 128000


0 0 129024


0 0 130048


0 0 131072


0 0 132096


0 0 133120


0 0 134144


0 0 135168


0 0 136192


0 0 137216


0 0 138240


0 0 139264


0 0 140288


0 0 141312


0 0 142336


0 0 143360


0 0 144384


0 0 145408


0 0 146432


0 0 147456


0 0 148480


0 0 149504


0 0 150528


0 0 151552


0 0 152576


0 0 153600


0 0 154624


0 0 155648


0 0 156672


0 0 157696


0 0 158720


0 0 159744


0 0 160768


0 0 161792


0 0 162816


0 0 163840


0 0 164864


0 0 165888


0 0 166912


0 0 167936


0 0 168960


0 0 169984


0 0 171008


0 0 172032


0 0 173056


0 0 174080


0 0 175104


0 0 176128


0 0 177152


0 0 178176


0 0 179200


0 0 180224


0 0 181248


0 0 182272


0 0 183296


0 0 184320


0 0 185344


0 0 186368


0 0 187392


0 0 188416


0 0 189440


0 0 190464


0 0 191488


0 0 192512


0 0 193536


0 0 194560


0 0 195584


0 0 196608


0 0 197632


0 0 198656


0 0 199680


0 0 200704


0 0 201728


0 0 202752


0 0 203776


0 0 204800


0 0 205824


0 0 206848


0 0 207872


0 0 208896


0 0 209920


0 0 210944


0 0 211968


0 0 212992


0 0 214016


0 0 215040


0 0 216064


0 0 217088


0 0 218112


0 0 219136


0 0 220160


0 0 221184


0 0 222208


0 0 223232


0 0 224256


0 0 225280


0 0 226304


0 0 227328


0 0 228352


0 0 229376


0 0 230400


0 0 231424


0 0 232448


0 0 233472


0 0 234496


0 0 235520


0 0 236544


0 0 237568


0 0 238592


0 0 239616


0 0 240640


0 0 241664


0 0 242688


0 0 243712


0 0 244736


0 0 245760


0 0 246784


0 0 247808


0 0 248832


0 0 249856


0 0 250880


0 0 251904


0 0 252928


0 0 253952


0 0 254976


0 0 256000


0 0 257024


0 0 258048


0 0 259072


0 0 260096


0 0 261120


0 0 262144


0 0 263168


0 0 264192


0 0 265216


0 0 266240


0 0 267264


0 0 268288


0 0 269312


0 0 270336


0 0 271360


0 0 272384


0 0 273408


0 0 274432


0 0 275456


0 0 276480


0 0 277504


0 0 278528


0 0 279552


0 0 280576


0 0 281600


0 0 282624


0 0 283648


0 0 284672


0 0 285696


0 0 286720


0 0 287744


0 0 288768


0 0 289792


0 0 290816


0 0 291840


0 0 292864


0 0 293888


0 0 294912


0 0 295936


0 0 296960


0 0 297984


0 0 299008


0 0 300032


0 0 301056


0 0 302080


0 0 303104


0 0 304128


0 0 305152


0 0 306176


0 0 307200


0 0 308224


0 0 309248


0 0 310272


0 0 311296


0 0 312320


0 0 313344


0 0 314368


0 0 315392


0 0 316416


0 0 317440


0 0 318464


0 0 319488


0 0 320512


0 0 321536


0 0 322560


0 0 323584


0 0 324608


0 0 325632


0 0 326656


0 0 327680


0 0 328704


0 0 329728


0 0 330752


0 0 331776


0 0 332800


0 0 333824


0 0 334848


0 0 335872


0 0 336896


0 0 337920


0 0 338944


0 0 339968


0 0 340992


0 0 342016


0 0 343040


0 0 344064


0 0 345088


0 0 346112


0 0 347136


0 0 348160


0 0 349184


0 0 350208


0 0 351232


0 0 352256


0 0 353280


0 0 354304


0 0 355328


0 0 356352


0 0 357376


0 0 358400


0 0 359424


0 0 360448


0 0 361472


0 0 362496


0 0 363520


0 0 364544


0 0 365568


0 0 366592


0 0 367616


0 0 368640


0 0 369664


0 0 370688


0 0 371712


0 0 372736


0 0 373760


0 0 374784


0 0 375808


0 0 376832


0 0 377856


0 0 378880


0 0 379904


0 0 380928


0 0 381952


0 0 382976


0 0 384000


0 0 385024


0 0 386048


0 0 387072


0 0 388096


0 0 389120


0 0 390144


0 0 391168


0 0 392192


0 0 393216


0 0 394240


0 0 395264


0 0 396288


0 0 397312


0 0 398336


0 0 399360


0 0 400384


0 0 401408


0 0 402432


0 0 403456


0 0 404480


0 0 405504


0 0 406528


0 0 407552


0 0 408576


0 0 409600


0 0 410624


0 0 411648


0 0 412672


0 0 413696


0 0 414720


0 0 415744


0 0 416768


0 0 417792


0 0 418816


0 0 419840


0 0 420864


0 0 421888


0 0 422912


0 0 423936


0 0 424960


0 0 425984


0 0 427008


0 0 428032


0 0 429056


0 0 430080


0 0 431104


0 0 432128


0 0 433152


0 0 434176


0 0 435200


0 0 436224


0 0 437248


0 0 438272


0 0 439296


0 0 440320


0 0 441344


0 0 442368


0 0 443392


0 0 444416


0 0 445440


0 0 446464


0 0 447488


0 0 448512


0 0 449536


0 0 450560


0 0 451584


0 0 452608


0 0 453632


0 0 454656


0 0 455680


0 0 456704


0 0 457728


0 0 458752


0 0 459776


0 0 460800


0 0 461824


0 0 462848


0 0 463872


0 0 464896


0 0 465920


0 0 466944


0 0 467968


0 0 468992


0 0 470016


0 0 471040


0 0 472064


0 0 473088


0 0 474112


0 0 475136


0 0 476160


0 0 477184


0 0 478208


0 0 479232


0 0 480256


0 0 481280


0 0 482304


0 0 483328


0 0 484352


0 0 485376


0 0 486400


0 0 487424


0 0 488448


0 0 489472


0 0 490496


0 0 491520


0 0 492544


0 0 493568


0 0 494592


0 0 495616


0 0 496640


0 0 497664


0 0 498688


0 0 499712


0 0 500736


0 0 501760


0 0 502784


0 0 503808


0 0 504832


0 0 505856


0 0 506880


0 0 507904


0 0 508928


0 0 509952


0 0 510976


0 0 512000


0 0 513024


0 0 514048


0 0 515072


0 0 516096


0 0 517120


0 0 518144


0 0 519168


0 0 520192


0 0 521216


0 0 522240


0 0 523264


0 0 524288


0 0 525312


0 0 526336


0 0 527360


0 0 528384


0 0 529408


0 0 530432


0 0 531456


0 0 532480


0 0 533504


0 0 534528


0 0 535552


0 0 536576


0 0 537600


0 0 538624


0 0 539648


0 0 540672


0 0 541696


0 0 542720


0 0 543744


0 0 544768


0 0 545792


0 0 546816


0 0 547840


0 0 548864


0 0 549888


0 0 550912


0 0 551936


0 0 552960


0 0 553984


0 0 555008


0 0 556032


0 0 557056


0 0 558080


0 0 559104


0 0 560128


0 0 561152


0 0 562176


0 0 563200


0 0 564224


0 0 565248


0 0 566272


0 0 567296


0 0 568320


0 0 569344


0 0 570368


0 0 571392


0 0 572416


0 0 573440


0 0 574464


0 0 575488


0 0 576512


0 0 577536


0 0 578560


0 0 579584


0 0 580608


0 0 581632


0 0 582656


0 0 583680


0 0 584704


0 0 585728


0 0 586752


0 0 587776


0 0 588800


0 0 589824


0 0 590848


0 0 591872


0 0 592896


0 0 593920


0 0 594944


0 0 595968


0 0 596992


0 0 598016


0 0 599040


0 0 600064


0 0 601088


0 0 602112


0 0 603136


0 0 604160


0 0 605184


0 0 606208


0 0 607232


0 0 608256


0 0 609280


0 0 610304


0 0 611328


0 0 612352


0 0 613376


0 0 614400


0 0 615424


0 0 616448


0 0 617472


0 0 618496


0 0 619520


0 0 620544


0 0 621568


0 0 622592


0 0 623616


0 0 624640


0 0 625664


0 0 626688


0 0 627712


0 0 628736


0 0 629760


0 0 630784


0 0 631808


0 0 632832


0 0 633856


0 0 634880


0 0 635904


0 0 636928


0 0 637952


0 0 638976


0 0 640000


0 0 641024


0 0 642048


0 0 643072


0 0 644096


0 0 645120


0 0 646144


0 0 647168


0 0 648192


0 0 649216


0 0 650240


0 0 651264


0 0 652288


0 0 653312


0 0 654336


0 0 655360


0 0 656384


0 0 657408


0 0 658432


0 0 659456


0 0 660480


0 0 661504


0 0 662528


0 0 663552


0 0 664576


0 0 665600


0 0 666624


0 0 667648


0 0 668672


0 0 669696


0 0 670720


0 0 671744


0 0 672768


0 0 673792


0 0 674816


0 0 675840


0 0 676864


0 0 677888


0 0 678912


0 0 679936


0 0 680960


0 0 681984


0 0 683008


0 0 684032


0 0 685056


0 0 686080


0 0 687104


0 0 688128


0 0 689152


0 0 690176


0 0 691200


0 0 692224


0 0 693248


0 0 694272


0 0 695296


0 0 696320


0 0 697344


0 0 698368


0 0 699392


0 0 700416


0 0 701440


0 0 702464


0 0 703488


0 0 704512


0 0 705536


0 0 706560


0 0 707584


0 0 708608


0 0 709632


0 0 710656


0 0 711680


0 0 712704


0 0 713728


0 0 714752


0 0 715776


0 0 716800


0 0 717824


0 0 718848


0 0 719872


0 0 720896


0 0 721920


0 0 722944


0 0 723968


0 0 724992


0 0 726016


0 0 727040


0 0 728064


0 0 729088


0 0 730112


0 0 731136


0 0 732160


0 0 733184


0 0 734208


0 0 735232


0 0 736256


0 0 737280


0 0 738304


0 0 739328


0 0 740352


0 0 741376


0 0 742400


0 0 743424


0 0 744448


0 0 745472


0 0 746496


0 0 747520


0 0 748544


0 0 749568


0 0 750592


0 0 751616


0 0 752640


0 0 753664


0 0 754688


0 0 755712


0 0 756736


0 0 757760


0 0 758784


0 0 759808


0 0 760832


0 0 761856


0 0 762880


0 0 763904


0 0 764928


0 0 765952


0 0 766976


0 0 768000


0 0 769024


0 0 770048


0 0 771072


0 0 772096


0 0 773120


0 0 774144


0 0 775168


0 0 776192


0 0 777216


0 0 778240


0 0 779264


0 0 780288


0 0 781312


0 0 782336


0 0 783360


0 0 784384


0 0 785408


0 0 786432


0 0 787456


0 0 788480


0 0 789504


0 0 790528


0 0 791552


0 0 792576


0 0 793600


0 0 794624


0 0 795648


0 0 796672


0 0 797696


0 0 798720


0 0 799744


0 0 800768


0 0 801792


0 0 802816


0 0 803840


0 0 804864


0 0 805888


0 0 806912


0 0 807936


0 0 808960


0 0 809984


0 0 811008


0 0 812032


0 0 813056


0 0 814080


0 0 815104


0 0 816128


0 0 817152


0 0 818176


0 0 819200


0 0 820224


0 0 821248


0 0 822272


0 0 823296


0 0 824320


0 0 825344


0 0 826368


0 0 827392


0 0 828416


0 0 829440


0 0 830464


0 0 831488


0 0 832512


0 0 833536


0 0 834560


0 0 835584


0 0 836608


0 0 837632


0 0 838656


0 0 839680


0 0 840704


0 0 841728


0 0 842752


0 0 843776


0 0 844800


0 0 845824


0 0 846848


0 0 847872


0 0 848896


0 0 849920


0 0 850944


0 0 851968


0 0 852992


0 0 854016


0 0 855040


0 0 856064


0 0 857088


0 0 858112


0 0 859136


0 0 860160


0 0 861184


0 0 862208


0 0 863232


0 0 864256


0 0 865280


0 0 866304


0 0 867328


0 0 868352


0 0 869376


0 0 870400


0 0 871424


0 0 872448


0 0 873472


0 0 874496


0 0 875520


0 0 876544


0 0 877568


0 0 878592


0 0 879616


0 0 880640


0 0 881664


0 0 882688


0 0 883712


0 0 884736


0 0 885760


0 0 886784


0 0 887808


0 0 888832


0 0 889856


0 0 890880


0 0 891904


0 0 892928


0 0 893952


0 0 894976


0 0 896000


0 0 897024


0 0 898048


0 0 899072


0 0 900096


0 0 901120


0 0 902144


0 0 903168


0 0 904192


0 0 905216


0 0 906240


0 0 907264


0 0 908288


0 0 909312


0 0 910336


0 0 911360


0 0 912384


0 0 913408


0 0 914432


0 0 915456


0 0 916480


0 0 917504


0 0 918528


0 0 919552


0 0 920576


0 0 921600


0 0 922624


0 0 923648


0 0 924672


0 0 925696


0 0 926720


0 0 927744


0 0 928768


0 0 929792


0 0 930816


0 0 931840


0 0 932864


0 0 933888


0 0 934912


0 0 935936


0 0 936960


0 0 937984


0 0 939008


0 0 940032


0 0 941056


0 0 942080


0 0 943104


0 0 944128


0 0 945152


0 0 946176


0 0 947200


0 0 948224


0 0 949248


0 0 950272


0 0 951296


0 0 952320


0 0 953344


0 0 954368


0 0 955392


0 0 956416


0 0 957440


0 0 958464


0 0 959488


0 0 960512


0 0 961536


0 0 962560


0 0 963584


0 0 964608


0 0 965632


0 0 966656


0 0 967680


0 0 968704


0 0 969728


0 0 970752


0 0 971776


0 0 972800


0 0 973824


0 0 974848


0 0 975872


0 0 976896


0 0 977920


0 0 978944


0 0 979968


0 0 980992


0 0 982016


0 0 983040


0 0 984064


0 0 985088


0 0 986112


0 0 987136


0 0 988160


0 0 989184


0 0 990208


0 0 991232


0 0 992256


0 0 993280


0 0 994304


0 0 995328


0 0 996352


0 0 997376


0 0 998400


0 0 999424


0 0 1000448


0 0 1001472


0 0 1002496


0 0 1003520


0 0 1004544


0 0 1005568


0 0 1006592


0 0 1007616


0 0 1008640


0 0 1009664


0 0 1010688


0 0 1011712


0 0 1012736


0 0 1013760


0 0 1014784


0 0 1015808


0 0 1016832


0 0 1017856


0 0 1018880


0 0 1019904


0 0 1020928


0 0 1021952


0 0 1022976


0 0 1024000


0 0 1025024


0 0 1026048


0 0 1027072


0 0 1028096


0 0 1029120


0 0 1030144


0 0 1031168


0 0 1032192


0 0 1033216


0 0 1034240


0 0 1035264


0 0 1036288


0 0 1037312


0 0 1038336


0 0 1039360


0 0 1040384


0 0 1041408


0 0 1042432


0 0 1043456


0 0 1044480


0 0 1045504


0 0 1046528


0 0 1047552


0 0 1048576


0 0 1049600


0 0 1050624


0 0 1051648


0 0 1052672


0 0 1053696


0 0 1054720


0 0 1055744


0 0 1056768


0 0 1057792


0 0 1058816


0 0 1059840


0 0 1060864


0 0 1061888


0 0 1062912


0 0 1063936


0 0 1064960


0 0 1065984


0 0 1067008


0 0 1068032


0 0 1069056


0 0 1070080


0 0 1071104


0 0 1072128


0 0 1073152


0 0 1074176


0 0 1075200


0 0 1076224


0 0 1077248


0 0 1078272


0 0 1079296


0 0 1080320


0 0 1081344


0 0 1082368


0 0 1083392


0 0 1084416


0 0 1085440


0 0 1086464


0 0 1087488


0 0 1088512


0 0 1089536


0 0 1090560


0 0 1091584


0 0 1092608


0 0 1093632


0 0 1094656


0 0 1095680


0 0 1096704


0 0 1097728


0 0 1098752


0 0 1099776


0 0 1100800


0 0 1101824


0 0 1102848


0 0 1103872


0 0 1104896


0 0 1105920


0 0 1106944


0 0 1107968


0 0 1108992


0 0 1110016


0 0 1111040


0 0 1112064


0 0 1113088


0 0 1114112


0 0 1115136


0 0 1116160


0 0 1117184


0 0 1118208


0 0 1119232


0 0 1120256


0 0 1121280


0 0 1122304


0 0 1123328


0 0 1124352


0 0 1125376


0 0 1126400


0 0 1127424


0 0 1128448


0 0 1129472


0 0 1130496


0 0 1131520


0 0 1132544


0 0 1133568


0 0 1134592


0 0 1135616


0 0 1136640


0 0 1137664


0 0 1138688


0 0 1139712


0 0 1140736


0 0 1141760


0 0 1142784


0 0 1143808


0 0 1144832


0 0 1145856


0 0 1146880


0 0 1147904


0 0 1148928


0 0 1149952


0 0 1150976


0 0 1152000


0 0 1153024


0 0 1154048


0 0 1155072


0 0 1156096


0 0 1157120


0 0 1158144


0 0 1159168


0 0 1160192


0 0 1161216


0 0 1162240


0 0 1163264


0 0 1164288


0 0 1165312


0 0 1166336


0 0 1167360


0 0 1168384


0 0 1169408


0 0 1170432


0 0 1171456


0 0 1172480


0 0 1173504


0 0 1174528


0 0 1175552


0 0 1176576


0 0 1177600


0 0 1178624


0 0 1179648


0 0 1180672


0 0 1181696


0 0 1182720


0 0 1183744


0 0 1184768


0 0 1185792


0 0 1186816


0 0 1187840


0 0 1188864


0 0 1189888


0 0 1190912


0 0 1191936


0 0 1192960


0 0 1193984


0 0 1195008


0 0 1196032


0 0 1197056


0 0 1198080


0 0 1199104


0 0 1200128


0 0 1201152


0 0 1202176


0 0 1203200


0 0 1204224


0 0 1205248


0 0 1206272


0 0 1207296


0 0 1208320


0 0 1209344


0 0 1210368


0 0 1211392


0 0 1212416


0 0 1213440


0 0 1214464


0 0 1215488


0 0 1216512


0 0 1217536


0 0 1218560


0 0 1219584


0 0 1220608


0 0 1221632


0 0 1222656


0 0 1223680


0 0 1224704


0 0 1225728


0 0 1226752


0 0 1227776


0 0 1228800


0 0 1229824


0 0 1230848


0 0 1231872


0 0 1232896


0 0 1233920


0 0 1234944


0 0 1235968


0 0 1236992


0 0 1238016


0 0 1239040


0 0 1240064


0 0 1241088


0 0 1242112


0 0 1243136


0 0 1244160


0 0 1245184


0 0 1246208


0 0 1247232


0 0 1248256


0 0 1249280


0 0 1250304


0 0 1251328


0 0 1252352


0 0 1253376


0 0 1254400


0 0 1255424


0 0 1256448


0 0 1257472


0 0 1258496


0 0 1259520


0 0 1260544


0 0 1261568


0 0 1262592


0 0 1263616


0 0 1264640


0 0 1265664


0 0 1266688


0 0 1267712


0 0 1268736


0 0 1269760


0 0 1270784


0 0 1271808


0 0 1272832


0 0 1273856


0 0 1274880


0 0 1275904


0 0 1276928


0 0 1277952


0 0 1278976


0 0 1280000


0 0 1281024


0 0 1282048


0 0 1283072


0 0 1284096


0 0 1285120


0 0 1286144


0 0 1287168


0 0 1288192


0 0 1289216


0 0 1290240


0 0 1291264


0 0 1292288


0 0 1293312


0 0 1294336


0 0 1295360


0 0 1296384


0 0 1297408


0 0 1298432


0 0 1299456


0 0 1300480


0 0 1301504


0 0 1302528


0 0 1303552


0 0 1304576


0 0 1305600


0 0 1306624


0 0 1307648


0 0 1308672


0 0 1309696


0 0 1310720


0 0 1311744


0 0 1312768


0 0 1313792


0 0 1314816


0 0 1315840


0 0 1316864


0 0 1317888


0 0 1318912


0 0 1319936


0 0 1320960


0 0 1321984


0 0 1323008


0 0 1324032


0 0 1325056


0 0 1326080


0 0 1327104


0 0 1328128


0 0 1329152


0 0 1330176


0 0 1331200


0 0 1332224


0 0 1333248


0 0 1334272


0 0 1335296


0 0 1336320


0 0 1337344


0 0 1338368


0 0 1339392


0 0 1340416


0 0 1341440


0 0 1342464


0 0 1343488


0 0 1344512


0 0 1345536


0 0 1346560


0 0 1347584


0 0 1348608


0 0 1349632


0 0 1350656


0 0 1351680


0 0 1352704


0 0 1353728


0 0 1354752


0 0 1355776


0 0 1356800


0 0 1357824


0 0 1358848


0 0 1359872


0 0 1360896


0 0 1361920


0 0 1362944


0 0 1363968


0 0 1364992


0 0 1366016


0 0 1367040


0 0 1368064


0 0 1369088


0 0 1370112


0 0 1371136


0 0 1372160


0 0 1373184


0 0 1374208


0 0 1375232


0 0 1376256


0 0 1377280


0 0 1378304


0 0 1379328


0 0 1380352


0 0 1381376


0 0 1382400


0 0 1383424


0 0 1384448


0 0 1385472


0 0 1386496


0 0 1387520


0 0 1388544


0 0 1389568


0 0 1390592


0 0 1391616


0 0 1392640


0 0 1393664


0 0 1394688


0 0 1395712


0 0 1396736


0 0 1397760


0 0 1398784


0 0 1399808


0 0 1400832


0 0 1401856


0 0 1402880


0 0 1403904


0 0 1404928


0 0 1405952


0 0 1406976


0 0 1408000


0 0 1409024


0 0 1410048


0 0 1411072


0 0 1412096


0 0 1413120


0 0 1414144


0 0 1415168


0 0 1416192


0 0 1417216


0 0 1418240


0 0 1419264


0 0 1420288


0 0 1421312


0 0 1422336


0 0 1423360


0 0 1424384


0 0 1425408


0 0 1426432


0 0 1427456


0 0 1428480


0 0 1429504


0 0 1430528


0 0 1431552


0 0 1432576


0 0 1433600


0 0 1434624


0 0 1435648


0 0 1436672


0 0 1437696


0 0 1438720


0 0 1439744


0 0 1440768


0 0 1441792


0 0 1442816


0 0 1443840


0 0 1444864


0 0 1445888


0 0 1446912


0 0 1447936


0 0 1448960


0 0 1449984


0 0 1451008


0 0 1452032


0 0 1453056


0 0 1454080


0 0 1455104


0 0 1456128


0 0 1457152


0 0 1458176


0 0 1459200


0 0 1460224


0 0 1461248


0 0 1462272


0 0 1463296


0 0 1464320


0 0 1465344


0 0 1466368


0 0 1467392


0 0 1468416


0 0 1469440


0 0 1470464


0 0 1471488


0 0 1472512


0 0 1473536


0 0 1474560


0 0 1475584


0 0 1476608


0 0 1477632


0 0 1478656


0 0 1479680


0 0 1480704


0 0 1481728


0 0 1482752


0 0 1483776


0 0 1484800


0 0 1485824


0 0 1486848


0 0 1487872


0 0 1488896


0 0 1489920


0 0 1490944


0 0 1491968


0 0 1492992


0 0 1494016


0 0 1495040


0 0 1496064


0 0 1497088


0 0 1498112


0 0 1499136


0 0 1500160


0 0 1501184


0 0 1502208


0 0 1503232


0 0 1504256


0 0 1505280


0 0 1506304


0 0 1507328


0 0 1508352


0 0 1509376


0 0 1510400


0 0 1511424


0 0 1512448


0 0 1513472


0 0 1514496


0 0 1515520


0 0 1516544


0 0 1517568


0 0 1518592


0 0 1519616


0 0 1520640


0 0 1521664


0 0 1522688


0 0 1523712


0 0 1524736


0 0 1525760


0 0 1526784


0 0 1527808


0 0 1528832


0 0 1529856


0 0 1530880


0 0 1531904


0 0 1532928


0 0 1533952


0 0 1534976


0 0 1536000


0 0 1537024


0 0 1538048


0 0 1539072


0 0 1540096


0 0 1541120


0 0 1542144


0 0 1543168


0 0 1544192


0 0 1545216


0 0 1546240


0 0 1547264


0 0 1548288


0 0 1549312


0 0 1550336


0 0 1551360


0 0 1552384


0 0 1553408


0 0 1554432


0 0 1555456


0 0 1556480


0 0 1557504


0 0 1558528


0 0 1559552


0 0 1560576


0 0 1561600


0 0 1562624


0 0 1563648


0 0 1564672


0 0 1565696


0 0 1566720


0 0 1567744


0 0 1568768


0 0 1569792


0 0 1570816


0 0 1571840


0 0 1572864


0 0 1573888


0 0 1574912


0 0 1575936


0 0 1576960


0 0 1577984


0 0 1579008


0 0 1580032


0 0 1581056


0 0 1582080


0 0 1583104


0 0 1584128


0 0 1585152


0 0 1586176


0 0 1587200


0 0 1588224


0 0 1589248


0 0 1590272


0 0 1591296


0 0 1592320


0 0 1593344


0 0 1594368


0 0 1595392


0 0 1596416


0 0 1597440


0 0 1598464


0 0 1599488


0 0 1600512


0 0 1601536


0 0 1602560


0 0 1603584


0 0 1604608


0 0 1605632


0 0 1606656


0 0 1607680


0 0 1608704


0 0 1609728


0 0 1610752


0 0 1611776


0 0 1612800


0 0 1613824


0 0 1614848


0 0 1615872


0 0 1616896


0 0 1617920


0 0 1618944


0 0 1619968


0 0 1620992


0 0 1622016


0 0 1623040


0 0 1624064


0 0 1625088


0 0 1626112


0 0 1627136


0 0 1628160


0 0 1629184


0 0 1630208


0 0 1631232


0 0 1632256


0 0 1633280


0 0 1634304


0 0 1635328


0 0 1636352


0 0 1637376


0 0 1638400


0 0 1639424


0 0 1640448


0 0 1641472


0 0 1642496


0 0 1643520


0 0 1644544


0 0 1645568


0 0 1646592


0 0 1647616


0 0 1648640


0 0 1649664


0 0 1650688


0 0 1651712


0 0 1652736


0 0 1653760


0 0 1654784


0 0 1655808


0 0 1656832


0 0 1657856


0 0 1658880


0 0 1659904


0 0 1660928


0 0 1661952


0 0 1662976


0 0 1664000


0 0 1665024


0 0 1666048


0 0 1667072


0 0 1668096


0 0 1669120


0 0 1670144


0 0 1671168


0 0 1672192


0 0 1673216


0 0 1674240


0 0 1675264


0 0 1676288


0 0 1677312


0 0 1678336


0 0 1679360


0 0 1680384


0 0 1681408


0 0 1682432


0 0 1683456


0 0 1684480


0 0 1685504


0 0 1686528


0 0 1687552


0 0 1688576


0 0 1689600


0 0 1690624


0 0 1691648


0 0 1692672


0 0 1693696


0 0 1694720


0 0 1695744


0 0 1696768


0 0 1697792


0 0 1698816


0 0 1699840


0 0 1700864


0 0 1701888


0 0 1702912


0 0 1703936


0 0 1704960


0 0 1705984


0 0 1707008


0 0 1708032


0 0 1709056


0 0 1710080


0 0 1711104


0 0 1712128


0 0 1713152


0 0 1714176


0 0 1715200


0 0 1716224


0 0 1717248


0 0 1718272


0 0 1719296


0 0 1720320


0 0 1721344


0 0 1722368


0 0 1723392


0 0 1724416


0 0 1725440


0 0 1726464


0 0 1727488


0 0 1728512


0 0 1729536


0 0 1730560


0 0 1731584


0 0 1732608


0 0 1733632


0 0 1734656


0 0 1735680


0 0 1736704


0 0 1737728


0 0 1738752


0 0 1739776


0 0 1740800


0 0 1741824


0 0 1742848


0 0 1743872


0 0 1744896


0 0 1745920


0 0 1746944


0 0 1747968


0 0 1748992


0 0 1750016


0 0 1751040


0 0 1752064


0 0 1753088


0 0 1754112


0 0 1755136


0 0 1756160


0 0 1757184


0 0 1758208


0 0 1759232


0 0 1760256


0 0 1761280


0 0 1762304


0 0 1763328


0 0 1764352


0 0 1765376


0 0 1766400


0 0 1767424


0 0 1768448


0 0 1769472


0 0 1770496


0 0 1771520


0 0 1772544


0 0 1773568


0 0 1774592


0 0 1775616


0 0 1776640


0 0 1777664


0 0 1778688


0 0 1779712


0 0 1780736


0 0 1781760


0 0 1782784


0 0 1783808


0 0 1784832


0 0 1785856


0 0 1786880


0 0 1787904


0 0 1788928


0 0 1789952


0 0 1790976


0 0 1792000


0 0 1793024


0 0 1794048


0 0 1795072


0 0 1796096


0 0 1797120


0 0 1798144


0 0 1799168


0 0 1800192


0 0 1801216


0 0 1802240


0 0 1803264


0 0 1804288


0 0 1805312


0 0 1806336


0 0 1807360


0 0 1808384


0 0 1809408


0 0 1810432


0 0 1811456


0 0 1812480


0 0 1813504


0 0 1814528


0 0 1815552


0 0 1816576


0 0 1817600


0 0 1818624


0 0 1819648


0 0 1820672


0 0 1821696


0 0 1822720


0 0 1823744


0 0 1824768


0 0 1825792


0 0 1826816


0 0 1827840


0 0 1828864


0 0 1829888


0 0 1830912


0 0 1831936


0 0 1832960


0 0 1833984


0 0 1835008


0 0 1836032


0 0 1837056


0 0 1838080


0 0 1839104


0 0 1840128


0 0 1841152


0 0 1842176


0 0 1843200


0 0 1844224


0 0 1845248


0 0 1846272


0 0 1847296


0 0 1848320


0 0 1849344


0 0 1850368


0 0 1851392


0 0 1852416


0 0 1853440


0 0 1854464


0 0 1855488


0 0 1856512


0 0 1857536


0 0 1858560


0 0 1859584


0 0 1860608


0 0 1861632


0 0 1862656


0 0 1863680


0 0 1864704


0 0 1865728


0 0 1866752


0 0 1867776


0 0 1868800


0 0 1869824


0 0 1870848


0 0 1871872


0 0 1872896


0 0 1873920


0 0 1874944


0 0 1875968


0 0 1876992


0 0 1878016


0 0 1879040


0 0 1880064


0 0 1881088


0 0 1882112


0 0 1883136


0 0 1884160


0 0 1885184


0 0 1886208


0 0 1887232


0 0 1888256


0 0 1889280


0 0 1890304


0 0 1891328


0 0 1892352


0 0 1893376


0 0 1894400


0 0 1895424


0 0 1896448


0 0 1897472


0 0 1898496


0 0 1899520


0 0 1900544


0 0 1901568


0 0 1902592


0 0 1903616


0 0 1904640


0 0 1905664


0 0 1906688


0 0 1907712


0 0 1908736


0 0 1909760


0 0 1910784


0 0 1911808


0 0 1912832


0 0 1913856


0 0 1914880


0 0 1915904


0 0 1916928


0 0 1917952


0 0 1918976


0 0 1920000


0 0 1921024


0 0 1922048


0 0 1923072


0 0 1924096


0 0 1925120


0 0 1926144


0 0 1927168


0 0 1928192


0 0 1929216


0 0 1930240


0 0 1931264


0 0 1932288


0 0 1933312


0 0 1934336


0 0 1935360


0 0 1936384


0 0 1937408


0 0 1938432


0 0 1939456


0 0 1940480


0 0 1941504


0 0 1942528


0 0 1943552


0 0 1944576


0 0 1945600


0 0 1946624


0 0 1947648


0 0 1948672


0 0 1949696


0 0 1950720


0 0 1951744


0 0 1952768


0 0 1953792


0 0 1954816


0 0 1955840


0 0 1956864


0 0 1957888


0 0 1958912


0 0 1959936


0 0 1960960


0 0 1961984


0 0 1963008


0 0 1964032


0 0 1965056


0 0 1966080


0 0 1967104


0 0 1968128


0 0 1969152


0 0 1970176


0 0 1971200


0 0 1972224


0 0 1973248


0 0 1974272


0 0 1975296


0 0 1976320


0 0 1977344


0 0 1978368


0 0 1979392


0 0 1980416


0 0 1981440


0 0 1982464


0 0 1983488


0 0 1984512


0 0 1985536


0 0 1986560


0 0 1987584


0 0 1988608


0 0 1989632


0 0 1990656


0 0 1991680


0 0 1992704


0 0 1993728


0 0 1994752


0 0 1995776


0 0 1996800


0 0 1997824


0 0 1998848


0 0 1999872


0 0 2000896


0 0 2001920


0 0 2002944


0 0 2003968


0 0 2004992


0 0 2006016


0 0 2007040


0 0 2008064


0 0 2009088


0 0 2010112


0 0 2011136


0 0 2012160


0 0 2013184


0 0 2014208


0 0 2015232


0 0 2016256


0 0 2017280


0 0 2018304


0 0 2019328


0 0 2020352


0 0 2021376


0 0 2022400


0 0 2023424


0 0 2024448


0 0 2025472


0 0 2026496


0 0 2027520


0 0 2028544


0 0 2029568


0 0 2030592


0 0 2031616


0 0 2032640


0 0 2033664


0 0 2034688


0 0 2035712


0 0 2036736


0 0 2037760


0 0 2038784


0 0 2039808


0 0 2040832


0 0 2041856


0 0 2042880


0 0 2043904


0 0 2044928


0 0 2045952


0 0 2046976


0 0 2048000


0 0 2049024


0 0 2050048


0 0 2051072


0 0 2052096


0 0 2053120


0 0 2054144


0 0 2055168


0 0 2056192


0 0 2057216


0 0 2058240


0 0 2059264


0 0 2060288


0 0 2061312


0 0 2062336


0 0 2063360


0 0 2064384


0 0 2065408


0 0 2066432


0 0 2067456


0 0 2068480


0 0 2069504


0 0 2070528


0 0 2071552


0 0 2072576


0 0 2073600


0 0 2074624


0 0 2075648


0 0 2076672


0 0 2077696


0 0 2078720


0 0 2079744


0 0 2080768


0 0 2081792


0 0 2082816


0 0 2083840


0 0 2084864


0 0 2085888


0 0 2086912


0 0 2087936


0 0 2088960


0 0 2089984


0 0 2091008


0 0 2092032


0 0 2093056


0 0 2094080


0 0 2095104


0 0 2096128


0 0 2097152


0 0 2098176


0 0 2099200


0 0 2100224


0 0 2101248


0 0 2102272


0 0 2103296


0 0 2104320


0 0 2105344


0 0 2106368


0 0 2107392


0 0 2108416


0 0 2109440


0 0 2110464


0 0 2111488


0 0 2112512


0 0 2113536


0 0 2114560


0 0 2115584


0 0 2116608


0 0 2117632


0 0 2118656


0 0 2119680


0 0 2120704


0 0 2121728


0 0 2122752


0 0 2123776


0 0 2124800


0 0 2125824


0 0 2126848


0 0 2127872


0 0 2128896


0 0 2129920


0 0 2130944


0 0 2131968


0 0 2132992


0 0 2134016


0 0 2135040


0 0 2136064


0 0 2137088


0 0 2138112


0 0 2139136


0 0 2140160


0 0 2141184


0 0 2142208


0 0 2143232


0 0 2144256


0 0 2145280


0 0 2146304


0 0 2147328


0 0 2148352


0 0 2149376


0 0 2150400


0 0 2151424


0 0 2152448


0 0 2153472


0 0 2154496


0 0 2155520


0 0 2156544


0 0 2157568


0 0 2158592


0 0 2159616


0 0 2160640


0 0 2161664


0 0 2162688


0 0 2163712


0 0 2164736


0 0 2165760


0 0 2166784


0 0 2167808


0 0 2168832


0 0 2169856


0 0 2170880


0 0 2171904


0 0 2172928


0 0 2173952


0 0 2174976


0 0 2176000


0 0 2177024


0 0 2178048


0 0 2179072


0 0 2180096


0 0 2181120


0 0 2182144


0 0 2183168


0 0 2184192


0 0 2185216


0 0 2186240


0 0 2187264


0 0 2188288


0 0 2189312


0 0 2190336


0 0 2191360


0 0 2192384


0 0 2193408


0 0 2194432


0 0 2195456


0 0 2196480


0 0 2197504


0 0 2198528


0 0 2199552


0 0 2200576


0 0 2201600


0 0 2202624


0 0 2203648


0 0 2204672


0 0 2205696


0 0 2206720


0 0 2207744


0 0 2208768


0 0 2209792


0 0 2210816


0 0 2211840


0 0 2212864


0 0 2213888


0 0 2214912


0 0 2215936


0 0 2216960


0 0 2217984


0 0 2219008


0 0 2220032


0 0 2221056


0 0 2222080


0 0 2223104


0 0 2224128


0 0 2225152


0 0 2226176


0 0 2227200


0 0 2228224


0 0 2229248


0 0 2230272


0 0 2231296


0 0 2232320


0 0 2233344


0 0 2234368


0 0 2235392


0 0 2236416


0 0 2237440


0 0 2238464


0 0 2239488


0 0 2240512


0 0 2241536


0 0 2242560


0 0 2243584


0 0 2244608


0 0 2245632


0 0 2246656


0 0 2247680


0 0 2248704


0 0 2249728


0 0 2250752


0 0 2251776


0 0 2252800


0 0 2253824


0 0 2254848


0 0 2255872


0 0 2256896


0 0 2257920


0 0 2258944


0 0 2259968


0 0 2260992


0 0 2262016


0 0 2263040


0 0 2264064


0 0 2265088


0 0 2266112


0 0 2267136


0 0 2268160


0 0 2269184


0 0 2270208


0 0 2271232


0 0 2272256


0 0 2273280


0 0 2274304


0 0 2275328


0 0 2276352


0 0 2277376


0 0 2278400


0 0 2279424


0 0 2280448


0 0 2281472


0 0 2282496


0 0 2283520


0 0 2284544


0 0 2285568


0 0 2286592


0 0 2287616


0 0 2288640


0 0 2289664


0 0 2290688


0 0 2291712


0 0 2292736


0 0 2293760


0 0 2294784


0 0 2295808


0 0 2296832


0 0 2297856


0 0 2298880


0 0 2299904


0 0 2300928


0 0 2301952


0 0 2302976


0 0 2304000


0 0 2305024


0 0 2306048


0 0 2307072


0 0 2308096


0 0 2309120


0 0 2310144


0 0 2311168


0 0 2312192


0 0 2313216


0 0 2314240


0 0 2315264


0 0 2316288


0 0 2317312


0 0 2318336


0 0 2319360


0 0 2320384


0 0 2321408


0 0 2322432


0 0 2323456


0 0 2324480


0 0 2325504


0 0 2326528


0 0 2327552


0 0 2328576


0 0 2329600


0 0 2330624


0 0 2331648


0 0 2332672


0 0 2333696


0 0 2334720


0 0 2335744


0 0 2336768


0 0 2337792


0 0 2338816


0 0 2339840


0 0 2340864


0 0 2341888


0 0 2342912


0 0 2343936


0 0 2344960


0 0 2345984


0 0 2347008


0 0 2348032


0 0 2349056


0 0 2350080


0 0 2351104


0 0 2352128


0 0 2353152


0 0 2354176


0 0 2355200


0 0 2356224


0 0 2357248


0 0 2358272


0 0 2359296


0 0 2360320


0 0 2361344


0 0 2362368


0 0 2363392


0 0 2364416


0 0 2365440


0 0 2366464


0 0 2367488


0 0 2368512


0 0 2369536


0 0 2370560


0 0 2371584


0 0 2372608


0 0 2373632


0 0 2374656


0 0 2375680


0 0 2376704


0 0 2377728


0 0 2378752


0 0 2379776


0 0 2380800


0 0 2381824


0 0 2382848


0 0 2383872


0 0 2384896


0 0 2385920


0 0 2386944


0 0 2387968


0 0 2388992


0 0 2390016


0 0 2391040


0 0 2392064


0 0 2393088


0 0 2394112


0 0 2395136


0 0 2396160


0 0 2397184


0 0 2398208


0 0 2399232


0 0 2400256


0 0 2401280


0 0 2402304


0 0 2403328


0 0 2404352


0 0 2405376


0 0 2406400


0 0 2407424


0 0 2408448


0 0 2409472


0 0 2410496


0 0 2411520


0 0 2412544


0 0 2413568


0 0 2414592


0 0 2415616


0 0 2416640


0 0 2417664


0 0 2418688


0 0 2419712


0 0 2420736


0 0 2421760


0 0 2422784


0 0 2423808


0 0 2424832


0 0 2425856


0 0 2426880


0 0 2427904


0 0 2428928


0 0 2429952


0 0 2430976


0 0 2432000


0 0 2433024


0 0 2434048


0 0 2435072


0 0 2436096


0 0 2437120


0 0 2438144


0 0 2439168


0 0 2440192


0 0 2441216


0 0 2442240


0 0 2443264


0 0 2444288


0 0 2445312


0 0 2446336


0 0 2447360


0 0 2448384


0 0 2449408


0 0 2450432


0 0 2451456


0 0 2452480


0 0 2453504


0 0 2454528


0 0 2455552


0 0 2456576


0 0 2457600


0 0 2458624


0 0 2459648


0 0 2460672


0 0 2461696


0 0 2462720


0 0 2463744


0 0 2464768


0 0 2465792


0 0 2466816


0 0 2467840


0 0 2468864


0 0 2469888


0 0 2470912


0 0 2471936


0 0 2472960


0 0 2473984


0 0 2475008


0 0 2476032


0 0 2477056


0 0 2478080


0 0 2479104


0 0 2480128


0 0 2481152


0 0 2482176


0 0 2483200


0 0 2484224


0 0 2485248


0 0 2486272


0 0 2487296


0 0 2488320


0 0 2489344


0 0 2490368


0 0 2491392


0 0 2492416


0 0 2493440


0 0 2494464


0 0 2495488


0 0 2496512


0 0 2497536


0 0 2498560


0 0 2499584


0 0 2500608


0 0 2501632


0 0 2502656


0 0 2503680


0 0 2504704


0 0 2505728


0 0 2506752


0 0 2507776


0 0 2508800


0 0 2509824


0 0 2510848


0 0 2511872


0 0 2512896


0 0 2513920


0 0 2514944


0 0 2515968


0 0 2516992


0 0 2518016


0 0 2519040


0 0 2520064


0 0 2521088


0 0 2522112


0 0 2523136


0 0 2524160


0 0 2525184


0 0 2526208


0 0 2527232


0 0 2528256


0 0 2529280


0 0 2530304


0 0 2531328


0 0 2532352


0 0 2533376


0 0 2534400


0 0 2535424


0 0 2536448


0 0 2537472


0 0 2538496


0 0 2539520


0 0 2540544


0 0 2541568


0 0 2542592


0 0 2543616


0 0 2544640


0 0 2545664


0 0 2546688


0 0 2547712


0 0 2548736


0 0 2549760


0 0 2550784


0 0 2551808


0 0 2552832


0 0 2553856


0 0 2554880


0 0 2555904


0 0 2556928


0 0 2557952


0 0 2558976


0 0 2560000


0 0 2561024


0 0 2562048


0 0 2563072


0 0 2564096


0 0 2565120


0 0 2566144


0 0 2567168


0 0 2568192


0 0 2569216


0 0 2570240


0 0 2571264


0 0 2572288


0 0 2573312


0 0 2574336


0 0 2575360


0 0 2576384


0 0 2577408


0 0 2578432


0 0 2579456


0 0 2580480


0 0 2581504


0 0 2582528


0 0 2583552


0 0 2584576


0 0 2585600


0 0 2586624


0 0 2587648


0 0 2588672


0 0 2589696


0 0 2590720


0 0 2591744


0 0 2592768


0 0 2593792


0 0 2594816


0 0 2595840


0 0 2596864


0 0 2597888


0 0 2598912


0 0 2599936


0 0 2600960


0 0 2601984


0 0 2603008


0 0 2604032


0 0 2605056


0 0 2606080


0 0 2607104


0 0 2608128


0 0 2609152


0 0 2610176


0 0 2611200


0 0 2612224


0 0 2613248


0 0 2614272


0 0 2615296


0 0 2616320


0 0 2617344


0 0 2618368


0 0 2619392


0 0 2620416


0 0 2621440


0 0 2622464


0 0 2623488


0 0 2624512


0 0 2625536


0 0 2626560


0 0 2627584


0 0 2628608


0 0 2629632


0 0 2630656


0 0 2631680


0 0 2632704


0 0 2633728


0 0 2634752


0 0 2635776


0 0 2636800


0 0 2637824


0 0 2638848


0 0 2639872


0 0 2640896


0 0 2641920


0 0 2642944


0 0 2643968


0 0 2644992


0 0 2646016


0 0 2647040


0 0 2648064


0 0 2649088


0 0 2650112


0 0 2651136


0 0 2652160


0 0 2653184


0 0 2654208


0 0 2655232


0 0 2656256


0 0 2657280


0 0 2658304


0 0 2659328


0 0 2660352


0 0 2661376


0 0 2662400


0 0 2663424


0 0 2664448


0 0 2665472


0 0 2666496


0 0 2667520


0 0 2668544


0 0 2669568


0 0 2670592


0 0 2671616


0 0 2672640


0 0 2673664


0 0 2674688


0 0 2675712


0 0 2676736


0 0 2677760


0 0 2678784


0 0 2679808


0 0 2680832


0 0 2681856


0 0 2682880


0 0 2683904


0 0 2684928


0 0 2685952


0 0 2686976


0 0 2688000


0 0 2689024


0 0 2690048


0 0 2691072


0 0 2692096


0 0 2693120


0 0 2694144


0 0 2695168


0 0 2696192


0 0 2697216


0 0 2698240


0 0 2699264


0 0 2700288


0 0 2701312


0 0 2702336


0 0 2703360


0 0 2704384


0 0 2705408


0 0 2706432


0 0 2707456


0 0 2708480


0 0 2709504


0 0 2710528


0 0 2711552


0 0 2712576


0 0 2713600


0 0 2714624


0 0 2715648


0 0 2716672


0 0 2717696


0 0 2718720


0 0 2719744


0 0 2720768


0 0 2721792


0 0 2722816


0 0 2723840


0 0 2724864


0 0 2725888


0 0 2726912


0 0 2727936


0 0 2728960


0 0 2729984


0 0 2731008


0 0 2732032


0 0 2733056


0 0 2734080


0 0 2735104


0 0 2736128


0 0 2737152


0 0 2738176


0 0 2739200


0 0 2740224


0 0 2741248


0 0 2742272


0 0 2743296


0 0 2744320


0 0 2745344


0 0 2746368


0 0 2747392


0 0 2748416


0 0 2749440


0 0 2750464


0 0 2751488


0 0 2752512


0 0 2753536


0 0 2754560


0 0 2755584


0 0 2756608


0 0 2757632


0 0 2758656


0 0 2759680


0 0 2760704


0 0 2761728


0 0 2762752


0 0 2763776


0 0 2764800


0 0 2765824


0 0 2766848


0 0 2767872


0 0 2768896


0 0 2769920


0 0 2770944


0 0 2771968


0 0 2772992


0 0 2774016


0 0 2775040


0 0 2776064


0 0 2777088


0 0 2778112


0 0 2779136


0 0 2780160


0 0 2781184


0 0 2782208


0 0 2783232


0 0 2784256


0 0 2785280


0 0 2786304


0 0 2787328


0 0 2788352


0 0 2789376


0 0 2790400


0 0 2791424


0 0 2792448


0 0 2793472


0 0 2794496


0 0 2795520


0 0 2796544


0 0 2797568


0 0 2798592


0 0 2799616


0 0 2800640


0 0 2801664


0 0 2802688


0 0 2803712


0 0 2804736


0 0 2805760


0 0 2806784


0 0 2807808


0 0 2808832


0 0 2809856


0 0 2810880


0 0 2811904


0 0 2812928


0 0 2813952


0 0 2814976


0 0 2816000


0 0 2817024


0 0 2818048


0 0 2819072


0 0 2820096


0 0 2821120


0 0 2822144


0 0 2823168


0 0 2824192


0 0 2825216


0 0 2826240


0 0 2827264


0 0 2828288


0 0 2829312


0 0 2830336


0 0 2831360


0 0 2832384


0 0 2833408


0 0 2834432


0 0 2835456


0 0 2836480


0 0 2837504


0 0 2838528


0 0 2839552


0 0 2840576


0 0 2841600


0 0 2842624


0 0 2843648


0 0 2844672


0 0 2845696


0 0 2846720


0 0 2847744


0 0 2848768


0 0 2849792


0 0 2850816


0 0 2851840


0 0 2852864


0 0 2853888


0 0 2854912


0 0 2855936


0 0 2856960


0 0 2857984


0 0 2859008


0 0 2860032


0 0 2861056


0 0 2862080


0 0 2863104


0 0 2864128


0 0 2865152


0 0 2866176


0 0 2867200


0 0 2868224


0 0 2869248


0 0 2870272


0 0 2871296


0 0 2872320


0 0 2873344


0 0 2874368


0 0 2875392


0 0 2876416


0 0 2877440


0 0 2878464


0 0 2879488


0 0 2880512


0 0 2881536


0 0 2882560


0 0 2883584


0 0 2884608


0 0 2885632


0 0 2886656


0 0 2887680


0 0 2888704


0 0 2889728


0 0 2890752


0 0 2891776


0 0 2892800


0 0 2893824


0 0 2894848


0 0 2895872


0 0 2896896


0 0 2897920


0 0 2898944


0 0 2899968


0 0 2900992


0 0 2902016


0 0 2903040


0 0 2904064


0 0 2905088


0 0 2906112


0 0 2907136


0 0 2908160


0 0 2909184


0 0 2910208


0 0 2911232


0 0 2912256


0 0 2913280


0 0 2914304


0 0 2915328


0 0 2916352


0 0 2917376


0 0 2918400


0 0 2919424


0 0 2920448


0 0 2921472


0 0 2922496


0 0 2923520


0 0 2924544


0 0 2925568


0 0 2926592


0 0 2927616


0 0 2928640


0 0 2929664


0 0 2930688


0 0 2931712


0 0 2932736


0 0 2933760


0 0 2934784


0 0 2935808


0 0 2936832


0 0 2937856


0 0 2938880


0 0 2939904


0 0 2940928


0 0 2941952


0 0 2942976


0 0 2944000


0 0 2945024


0 0 2946048


0 0 2947072


0 0 2948096


0 0 2949120


0 0 2950144


0 0 2951168


0 0 2952192


0 0 2953216


0 0 2954240


0 0 2955264


0 0 2956288


0 0 2957312


0 0 2958336


0 0 2959360


0 0 2960384


0 0 2961408


0 0 2962432


0 0 2963456


0 0 2964480


0 0 2965504


0 0 2966528


0 0 2967552


0 0 2968576


0 0 2969600


0 0 2970624


0 0 2971648


0 0 2972672


0 0 2973696


0 0 2974720


0 0 2975744


0 0 2976768


0 0 2977792


0 0 2978816


0 0 2979840


0 0 2980864


0 0 2981888


0 0 2982912


0 0 2983936


0 0 2984960


0 0 2985984


0 0 2987008


0 0 2988032


0 0 2989056


0 0 2990080


0 0 2991104


0 0 2992128


0 0 2993152


0 0 2994176


0 0 2995200


0 0 2996224


0 0 2997248


0 0 2998272


0 0 2999296


0 0 3000320


0 0 3001344


0 0 3002368


0 0 3003392


0 0 3004416


0 0 3005440


0 0 3006464


0 0 3007488


0 0 3008512


0 0 3009536


0 0 3010560


0 0 3011584


0 0 3012608


0 0 3013632


0 0 3014656


0 0 3015680


0 0 3016704


0 0 3017728


0 0 3018752


0 0 3019776


0 0 3020800


0 0 3021824


0 0 3022848


0 0 3023872


0 0 3024896


0 0 3025920


0 0 3026944


0 0 3027968


0 0 3028992


0 0 3030016


0 0 3031040


0 0 3032064


0 0 3033088


0 0 3034112


0 0 3035136


0 0 3036160


0 0 3037184


0 0 3038208


0 0 3039232


0 0 3040256


0 0 3041280


0 0 3042304


0 0 3043328


0 0 3044352


0 0 3045376


0 0 3046400


0 0 3047424


0 0 3048448


0 0 3049472


0 0 3050496


0 0 3051520


0 0 3052544


0 0 3053568


0 0 3054592


0 0 3055616


0 0 3056640


0 0 3057664


0 0 3058688


0 0 3059712


0 0 3060736


0 0 3061760


0 0 3062784


0 0 3063808


0 0 3064832


0 0 3065856


0 0 3066880


0 0 3067904


0 0 3068928


0 0 3069952


0 0 3070976


0 0 3072000


0 0 3073024


0 0 3074048


0 0 3075072


0 0 3076096


0 0 3077120


0 0 3078144


0 0 3079168


0 0 3080192


0 0 3081216


0 0 3082240


0 0 3083264


0 0 3084288


0 0 3085312


0 0 3086336


0 0 3087360


0 0 3088384


0 0 3089408


0 0 3090432


0 0 3091456


0 0 3092480


0 0 3093504


0 0 3094528


0 0 3095552


0 0 3096576


0 0 3097600


0 0 3098624


0 0 3099648


0 0 3100672


0 0 3101696


0 0 3102720


0 0 3103744


0 0 3104768


0 0 3105792


0 0 3106816


0 0 3107840


0 0 3108864


0 0 3109888


0 0 3110912


0 0 3111936


0 0 3112960


0 0 3113984


0 0 3115008


0 0 3116032


0 0 3117056


0 0 3118080


0 0 3119104


0 0 3120128


0 0 3121152


0 0 3122176


0 0 3123200


0 0 3124224


0 0 3125248


0 0 3126272


0 0 3127296


0 0 3128320


0 0 3129344


0 0 3130368


0 0 3131392


0 0 3132416


0 0 3133440


0 0 3134464


0 0 3135488


0 0 3136512


0 0 3137536


0 0 3138560


0 0 3139584


0 0 3140608


0 0 3141632


0 0 3142656


0 0 3143680


0 0 3144704


0 0 3145728


0 0 3146752


0 0 3147776


0 0 3148800


0 0 3149824


0 0 3150848


0 0 3151872


0 0 3152896


0 0 3153920


0 0 3154944


0 0 3155968


0 0 3156992


0 0 3158016


0 0 3159040


0 0 3160064


0 0 3161088


0 0 3162112


0 0 3163136


0 0 3164160


0 0 3165184


0 0 3166208


0 0 3167232


0 0 3168256


0 0 3169280


0 0 3170304


0 0 3171328


0 0 3172352


0 0 3173376


0 0 3174400


0 0 3175424


0 0 3176448


0 0 3177472


0 0 3178496


0 0 3179520


0 0 3180544


0 0 3181568


0 0 3182592


0 0 3183616


0 0 3184640


0 0 3185664


0 0 3186688


0 0 3187712


0 0 3188736


0 0 3189760


0 0 3190784


0 0 3191808


0 0 3192832


0 0 3193856


0 0 3194880


0 0 3195904


0 0 3196928


0 0 3197952


0 0 3198976


0 0 3200000


0 0 3201024


0 0 3202048


0 0 3203072


0 0 3204096


0 0 3205120


0 0 3206144


0 0 3207168


0 0 3208192


0 0 3209216


0 0 3210240


0 0 3211264


0 0 3212288


0 0 3213312


0 0 3214336


0 0 3215360


0 0 3216384


0 0 3217408


0 0 3218432


0 0 3219456


0 0 3220480


0 0 3221504


0 0 3222528


0 0 3223552


0 0 3224576


0 0 3225600


0 0 3226624


0 0 3227648


0 0 3228672


0 0 3229696


0 0 3230720


0 0 3231744


0 0 3232768


0 0 3233792


0 0 3234816


0 0 3235840


0 0 3236864


0 0 3237888


0 0 3238912


0 0 3239936


0 0 3240960


0 0 3241984


0 0 3243008


0 0 3244032


0 0 3245056


0 0 3246080


0 0 3247104


0 0 3248128


0 0 3249152


0 0 3250176


0 0 3251200


0 0 3252224


0 0 3253248


0 0 3254272


0 0 3255296


0 0 3256320


0 0 3257344


0 0 3258368


0 0 3259392


0 0 3260416


0 0 3261440


0 0 3262464


0 0 3263488


0 0 3264512


0 0 3265536


0 0 3266560


0 0 3267584


0 0 3268608


0 0 3269632


0 0 3270656


0 0 3271680


0 0 3272704


0 0 3273728


0 0 3274752


0 0 3275776


0 0 3276800


0 0 3277824


0 0 3278848


0 0 3279872


0 0 3280896


0 0 3281920


0 0 3282944


0 0 3283968


0 0 3284992


0 0 3286016


0 0 3287040


0 0 3288064


0 0 3289088


0 0 3290112


0 0 3291136


0 0 3292160


0 0 3293184


0 0 3294208


0 0 3295232


0 0 3296256


0 0 3297280


0 0 3298304


0 0 3299328


0 0 3300352


0 0 3301376


0 0 3302400


0 0 3303424


0 0 3304448


0 0 3305472


0 0 3306496


0 0 3307520


0 0 3308544


0 0 3309568


0 0 3310592


0 0 3311616


0 0 3312640


0 0 3313664


0 0 3314688


0 0 3315712


0 0 3316736


0 0 3317760


0 0 3318784


0 0 3319808


0 0 3320832


0 0 3321856


0 0 3322880


0 0 3323904


0 0 3324928


0 0 3325952


0 0 3326976


0 0 3328000


0 0 3329024


0 0 3330048


0 0 3331072


0 0 3332096


0 0 3333120


0 0 3334144


0 0 3335168


0 0 3336192


0 0 3337216


0 0 3338240


0 0 3339264


0 0 3340288


0 0 3341312


0 0 3342336


0 0 3343360


0 0 3344384


0 0 3345408


0 0 3346432


0 0 3347456


0 0 3348480


0 0 3349504


0 0 3350528


0 0 3351552


0 0 3352576


0 0 3353600


0 0 3354624


0 0 3355648


0 0 3356672


0 0 3357696


0 0 3358720


0 0 3359744


0 0 3360768


0 0 3361792


0 0 3362816


0 0 3363840


0 0 3364864


0 0 3365888


0 0 3366912


0 0 3367936


0 0 3368960


0 0 3369984


0 0 3371008


0 0 3372032


0 0 3373056


0 0 3374080


0 0 3375104


0 0 3376128


0 0 3377152


0 0 3378176


0 0 3379200


0 0 3380224


0 0 3381248


0 0 3382272


0 0 3383296


0 0 3384320


0 0 3385344


0 0 3386368


0 0 3387392


0 0 3388416


0 0 3389440


0 0 3390464


0 0 3391488


0 0 3392512


0 0 3393536


0 0 3394560


0 0 3395584


0 0 3396608


0 0 3397632


0 0 3398656


0 0 3399680


0 0 3400704


0 0 3401728


0 0 3402752


0 0 3403776


0 0 3404800


0 0 3405824


0 0 3406848


0 0 3407872


0 0 3408896


0 0 3409920


0 0 3410944


0 0 3411968


0 0 3412992


0 0 3414016


0 0 3415040


0 0 3416064


0 0 3417088


0 0 3418112


0 0 3419136


0 0 3420160


0 0 3421184


0 0 3422208


0 0 3423232


0 0 3424256


0 0 3425280


0 0 3426304


0 0 3427328


0 0 3428352


0 0 3429376


0 0 3430400


0 0 3431424


0 0 3432448


0 0 3433472


0 0 3434496


0 0 3435520


0 0 3436544


0 0 3437568


0 0 3438592


0 0 3439616


0 0 3440640


0 0 3441664


0 0 3442688


0 0 3443712


0 0 3444736


0 0 3445760


0 0 3446784


0 0 3447808


0 0 3448832


0 0 3449856


0 0 3450880


0 0 3451904


0 0 3452928


0 0 3453952


0 0 3454976


0 0 3456000


0 0 3457024


0 0 3458048


0 0 3459072


0 0 3460096


0 0 3461120


0 0 3462144


0 0 3463168


0 0 3464192


0 0 3465216


0 0 3466240


0 0 3467264


0 0 3468288


0 0 3469312


0 0 3470336


0 0 3471360


0 0 3472384


0 0 3473408


0 0 3474432


0 0 3475456


0 0 3476480


0 0 3477504


0 0 3478528


0 0 3479552


0 0 3480576


0 0 3481600


0 0 3482624


0 0 3483648


0 0 3484672


0 0 3485696


0 0 3486720


0 0 3487744


0 0 3488768


0 0 3489792


0 0 3490816


0 0 3491840


0 0 3492864


0 0 3493888


0 0 3494912


0 0 3495936


0 0 3496960


0 0 3497984


0 0 3499008


0 0 3500032


0 0 3501056


0 0 3502080


0 0 3503104


0 0 3504128


0 0 3505152


0 0 3506176


0 0 3507200


0 0 3508224


0 0 3509248


0 0 3510272


0 0 3511296


0 0 3512320


0 0 3513344


0 0 3514368


0 0 3515392


0 0 3516416


0 0 3517440


0 0 3518464


0 0 3519488


0 0 3520512


0 0 3521536


0 0 3522560


0 0 3523584


0 0 3524608


0 0 3525632


0 0 3526656


0 0 3527680


0 0 3528704


0 0 3529728


0 0 3530752


0 0 3531776


0 0 3532800


0 0 3533824


0 0 3534848


0 0 3535872


0 0 3536896


0 0 3537920


0 0 3538944


0 0 3539968


0 0 3540992


0 0 3542016


0 0 3543040


0 0 3544064


0 0 3545088


0 0 3546112


0 0 3547136


0 0 3548160


0 0 3549184


0 0 3550208


0 0 3551232


0 0 3552256


0 0 3553280


0 0 3554304


0 0 3555328


0 0 3556352


0 0 3557376


0 0 3558400


0 0 3559424


0 0 3560448


0 0 3561472


0 0 3562496


0 0 3563520


0 0 3564544


0 0 3565568


0 0 3566592


0 0 3567616


0 0 3568640


0 0 3569664


0 0 3570688


0 0 3571712


0 0 3572736


0 0 3573760


0 0 3574784


0 0 3575808


0 0 3576832


0 0 3577856


0 0 3578880


0 0 3579904


0 0 3580928


0 0 3581952


0 0 3582976


0 0 3584000


0 0 3585024


0 0 3586048


0 0 3587072


0 0 3588096


0 0 3589120


0 0 3590144


0 0 3591168


0 0 3592192


0 0 3593216


0 0 3594240


0 0 3595264


0 0 3596288


0 0 3597312


0 0 3598336


0 0 3599360


0 0 3600384


0 0 3601408


0 0 3602432


0 0 3603456


0 0 3604480


0 0 3605504


0 0 3606528


0 0 3607552


0 0 3608576


0 0 3609600


0 0 3610624


0 0 3611648


0 0 3612672


0 0 3613696


0 0 3614720


0 0 3615744


0 0 3616768


0 0 3617792


0 0 3618816


0 0 3619840


0 0 3620864


0 0 3621888


0 0 3622912


0 0 3623936


0 0 3624960


0 0 3625984


0 0 3627008


0 0 3628032


0 0 3629056


0 0 3630080


0 0 3631104


0 0 3632128


0 0 3633152


0 0 3634176


0 0 3635200


0 0 3636224


0 0 3637248


0 0 3638272


0 0 3639296


0 0 3640320


0 0 3641344


0 0 3642368


0 0 3643392


0 0 3644416


0 0 3645440


0 0 3646464


0 0 3647488


0 0 3648512


0 0 3649536


0 0 3650560


0 0 3651584


0 0 3652608


0 0 3653632


0 0 3654656


0 0 3655680


0 0 3656704


0 0 3657728


0 0 3658752


0 0 3659776


0 0 3660800


0 0 3661824


0 0 3662848


0 0 3663872


0 0 3664896


0 0 3665920


0 0 3666944


0 0 3667968


0 0 3668992


0 0 3670016


0 0 3671040


0 0 3672064


0 0 3673088


0 0 3674112


0 0 3675136


0 0 3676160


0 0 3677184


0 0 3678208


0 0 3679232


0 0 3680256


0 0 3681280


0 0 3682304


0 0 3683328


0 0 3684352


0 0 3685376


0 0 3686400


0 0 3687424


0 0 3688448


0 0 3689472


0 0 3690496


0 0 3691520


0 0 3692544


0 0 3693568


0 0 3694592


0 0 3695616


0 0 3696640


0 0 3697664


0 0 3698688


0 0 3699712


0 0 3700736


0 0 3701760


0 0 3702784


0 0 3703808


0 0 3704832


0 0 3705856


0 0 3706880


0 0 3707904


0 0 3708928


0 0 3709952


0 0 3710976


0 0 3712000


0 0 3713024


0 0 3714048


0 0 3715072


0 0 3716096


0 0 3717120


0 0 3718144


0 0 3719168


0 0 3720192


0 0 3721216


0 0 3722240


0 0 3723264


0 0 3724288


0 0 3725312


0 0 3726336


0 0 3727360


0 0 3728384


0 0 3729408


0 0 3730432


0 0 3731456


0 0 3732480


0 0 3733504


0 0 3734528


0 0 3735552


0 0 3736576


0 0 3737600


0 0 3738624


0 0 3739648


0 0 3740672


0 0 3741696


0 0 3742720


0 0 3743744


0 0 3744768


0 0 3745792


0 0 3746816


0 0 3747840


0 0 3748864


0 0 3749888


0 0 3750912


0 0 3751936


0 0 3752960


0 0 3753984


0 0 3755008


0 0 3756032


0 0 3757056


0 0 3758080


0 0 3759104


0 0 3760128


0 0 3761152


0 0 3762176


0 0 3763200


0 0 3764224


0 0 3765248


0 0 3766272


0 0 3767296


0 0 3768320


0 0 3769344


0 0 3770368


0 0 3771392


0 0 3772416


0 0 3773440


0 0 3774464


0 0 3775488


0 0 3776512


0 0 3777536


0 0 3778560


0 0 3779584


0 0 3780608


0 0 3781632


0 0 3782656


0 0 3783680


0 0 3784704


0 0 3785728


0 0 3786752


0 0 3787776


0 0 3788800


0 0 3789824


0 0 3790848


0 0 3791872


0 0 3792896


0 0 3793920


0 0 3794944


0 0 3795968


0 0 3796992


0 0 3798016


0 0 3799040


0 0 3800064


0 0 3801088


0 0 3802112


0 0 3803136


0 0 3804160


0 0 3805184


0 0 3806208


0 0 3807232


0 0 3808256


0 0 3809280


0 0 3810304


0 0 3811328


0 0 3812352


0 0 3813376


0 0 3814400


0 0 3815424


0 0 3816448


0 0 3817472


0 0 3818496


0 0 3819520


0 0 3820544


0 0 3821568


0 0 3822592


0 0 3823616


0 0 3824640


0 0 3825664


0 0 3826688


0 0 3827712


0 0 3828736


0 0 3829760


0 0 3830784


0 0 3831808


0 0 3832832


0 0 3833856


0 0 3834880


0 0 3835904


0 0 3836928


0 0 3837952


0 0 3838976


0 0 3840000


0 0 3841024


0 0 3842048


0 0 3843072


0 0 3844096


0 0 3845120


0 0 3846144


0 0 3847168


0 0 3848192


0 0 3849216


0 0 3850240


0 0 3851264


0 0 3852288


0 0 3853312


0 0 3854336


0 0 3855360


0 0 3856384


0 0 3857408


0 0 3858432


0 0 3859456


0 0 3860480


0 0 3861504


0 0 3862528


0 0 3863552


0 0 3864576


0 0 3865600


0 0 3866624


0 0 3867648


0 0 3868672


0 0 3869696


0 0 3870720


0 0 3871744


0 0 3872768


0 0 3873792


0 0 3874816


0 0 3875840


0 0 3876864


0 0 3877888


0 0 3878912


0 0 3879936


0 0 3880960


0 0 3881984


0 0 3883008


0 0 3884032


0 0 3885056


0 0 3886080


0 0 3887104


0 0 3888128


0 0 3889152


0 0 3890176


0 0 3891200


0 0 3892224


0 0 3893248


0 0 3894272


0 0 3895296


0 0 3896320


0 0 3897344


0 0 3898368


0 0 3899392


0 0 3900416


0 0 3901440


0 0 3902464


0 0 3903488


0 0 3904512


0 0 3905536


0 0 3906560


0 0 3907584


0 0 3908608


0 0 3909632


0 0 3910656


0 0 3911680


0 0 3912704


0 0 3913728


0 0 3914752


0 0 3915776


0 0 3916800


0 0 3917824


0 0 3918848


0 0 3919872


0 0 3920896


0 0 3921920


0 0 3922944


0 0 3923968


0 0 3924992


0 0 3926016


0 0 3927040


0 0 3928064


0 0 3929088


0 0 3930112


0 0 3931136


0 0 3932160


0 0 3933184


0 0 3934208


0 0 3935232


0 0 3936256


0 0 3937280


0 0 3938304


0 0 3939328


0 0 3940352


0 0 3941376


0 0 3942400


0 0 3943424


0 0 3944448


0 0 3945472


0 0 3946496


0 0 3947520


0 0 3948544


0 0 3949568


0 0 3950592


0 0 3951616


0 0 3952640


0 0 3953664


0 0 3954688


0 0 3955712


0 0 3956736


0 0 3957760


0 0 3958784


0 0 3959808


0 0 3960832


0 0 3961856


0 0 3962880


0 0 3963904


0 0 3964928


0 0 3965952


0 0 3966976


0 0 3968000


0 0 3969024


0 0 3970048


0 0 3971072


0 0 3972096


0 0 3973120


0 0 3974144


0 0 3975168


0 0 3976192


0 0 3977216


0 0 3978240


0 0 3979264


0 0 3980288


0 0 3981312


0 0 3982336


0 0 3983360


0 0 3984384


0 0 3985408


0 0 3986432


0 0 3987456


0 0 3988480


0 0 3989504


0 0 3990528


0 0 3991552


0 0 3992576


0 0 3993600


0 0 3994624


0 0 3995648


0 0 3996672


0 0 3997696


0 0 3998720


0 0 3999744


0 0 4000768


0 0 4001792


0 0 4002816


0 0 4003840


0 0 4004864


0 0 4005888


0 0 4006912


0 0 4007936


0 0 4008960


0 0 4009984


0 0 4011008


0 0 4012032


0 0 4013056


0 0 4014080


0 0 4015104


0 0 4016128


0 0 4017152


0 0 4018176


0 0 4019200


0 0 4020224


0 0 4021248


0 0 4022272


0 0 4023296


0 0 4024320


0 0 4025344


0 0 4026368


0 0 4027392


0 0 4028416


0 0 4029440


0 0 4030464


0 0 4031488


0 0 4032512


0 0 4033536


0 0 4034560


0 0 4035584


0 0 4036608


0 0 4037632


0 0 4038656


0 0 4039680


0 0 4040704


0 0 4041728


0 0 4042752


0 0 4043776


0 0 4044800


0 0 4045824


0 0 4046848


0 0 4047872


0 0 4048896


0 0 4049920


0 0 4050944


0 0 4051968


0 0 4052992


0 0 4054016


0 0 4055040


0 0 4056064


0 0 4057088


0 0 4058112


0 0 4059136


0 0 4060160


0 0 4061184


0 0 4062208


0 0 4063232


0 0 4064256


0 0 4065280


0 0 4066304


0 0 4067328


0 0 4068352


0 0 4069376


0 0 4070400


0 0 4071424


0 0 4072448


0 0 4073472


0 0 4074496


0 0 4075520


0 0 4076544


0 0 4077568


0 0 4078592


0 0 4079616


0 0 4080640


0 0 4081664


0 0 4082688


0 0 4083712


0 0 4084736


0 0 4085760


0 0 4086784


0 0 4087808


0 0 4088832


0 0 4089856


0 0 4090880


0 0 4091904


0 0 4092928


0 0 4093952


0 0 4094976


0 0 4096000


0 0 4097024


0 0 4098048


0 0 4099072


0 0 4100096


0 0 4101120


0 0 4102144


0 0 4103168


0 0 4104192


0 0 4105216


0 0 4106240


0 0 4107264


0 0 4108288


0 0 4109312


0 0 4110336


0 0 4111360


0 0 4112384


0 0 4113408


0 0 4114432


0 0 4115456


0 0 4116480


0 0 4117504


0 0 4118528


0 0 4119552


0 0 4120576


0 0 4121600


0 0 4122624


0 0 4123648


0 0 4124672


0 0 4125696


0 0 4126720


0 0 4127744


0 0 4128768


0 0 4129792


0 0 4130816


0 0 4131840


0 0 4132864


0 0 4133888


0 0 4134912


0 0 4135936


0 0 4136960


0 0 4137984


0 0 4139008


0 0 4140032


0 0 4141056


0 0 4142080


0 0 4143104


0 0 4144128


0 0 4145152


0 0 4146176


0 0 4147200


0 0 4148224


0 0 4149248


0 0 4150272


0 0 4151296


0 0 4152320


0 0 4153344


0 0 4154368


0 0 4155392


0 0 4156416


0 0 4157440


0 0 4158464


0 0 4159488


0 0 4160512


0 0 4161536


0 0 4162560


0 0 4163584


0 0 4164608


0 0 4165632


0 0 4166656


0 0 4167680


0 0 4168704


0 0 4169728


0 0 4170752


0 0 4171776


0 0 4172800


0 0 4173824


0 0 4174848


0 0 4175872


0 0 4176896


0 0 4177920


0 0 4178944


0 0 4179968


0 0 4180992


0 0 4182016


0 0 4183040


0 0 4184064


0 0 4185088


0 0 4186112


0 0 4187136


0 0 4188160


0 0 4189184


0 0 4190208


0 0 4191232


0 0 4192256


0 0 4193280


0 0 4194304


0 0 4195328


0 0 4196352


0 0 4197376


0 0 4198400


0 0 4199424


0 0 4200448


0 0 4201472


0 0 4202496


0 0 4203520


0 0 4204544


0 0 4205568


0 0 4206592


0 0 4207616


0 0 4208640


0 0 4209664


0 0 4210688


0 0 4211712


0 0 4212736


0 0 4213760


0 0 4214784


0 0 4215808


0 0 4216832


0 0 4217856


0 0 4218880


0 0 4219904


0 0 4220928


0 0 4221952


0 0 4222976


0 0 4224000


0 0 4225024


0 0 4226048


0 0 4227072


0 0 4228096


0 0 4229120


0 0 4230144


0 0 4231168


0 0 4232192


0 0 4233216


0 0 4234240


0 0 4235264


0 0 4236288


0 0 4237312


0 0 4238336


0 0 4239360


0 0 4240384


0 0 4241408


0 0 4242432


0 0 4243456


0 0 4244480


0 0 4245504


0 0 4246528


0 0 4247552


0 0 4248576


0 0 4249600


0 0 4250624


0 0 4251648


0 0 4252672


0 0 4253696


0 0 4254720


0 0 4255744


0 0 4256768


0 0 4257792


0 0 4258816


0 0 4259840


0 0 4260864


0 0 4261888


0 0 4262912


0 0 4263936


0 0 4264960


0 0 4265984


0 0 4267008


0 0 4268032


0 0 4269056


0 0 4270080


0 0 4271104


0 0 4272128


0 0 4273152


0 0 4274176


0 0 4275200


0 0 4276224


0 0 4277248


0 0 4278272


0 0 4279296


0 0 4280320


0 0 4281344


0 0 4282368


0 0 4283392


0 0 4284416


0 0 4285440


0 0 4286464


0 0 4287488


0 0 4288512


0 0 4289536


0 0 4290560


0 0 4291584


0 0 4292608


0 0 4293632


0 0 4294656


0 0 4295680


0 0 4296704


0 0 4297728


0 0 4298752


0 0 4299776


0 0 4300800


0 0 4301824


0 0 4302848


0 0 4303872


0 0 4304896


0 0 4305920


0 0 4306944


0 0 4307968


0 0 4308992


0 0 4310016


0 0 4311040


0 0 4312064


0 0 4313088


0 0 4314112


0 0 4315136


0 0 4316160


0 0 4317184


0 0 4318208


0 0 4319232


0 0 4320256


0 0 4321280


0 0 4322304


0 0 4323328


0 0 4324352


0 0 4325376


0 0 4326400


0 0 4327424


0 0 4328448


0 0 4329472


0 0 4330496


0 0 4331520


0 0 4332544


0 0 4333568


0 0 4334592


0 0 4335616


0 0 4336640


0 0 4337664


0 0 4338688


0 0 4339712


0 0 4340736


0 0 4341760


0 0 4342784


0 0 4343808


0 0 4344832


0 0 4345856


0 0 4346880


0 0 4347904


0 0 4348928


0 0 4349952


0 0 4350976


0 0 4352000


0 0 4353024


0 0 4354048


0 0 4355072


0 0 4356096


0 0 4357120


0 0 4358144


0 0 4359168


0 0 4360192


0 0 4361216


0 0 4362240


0 0 4363264


0 0 4364288


0 0 4365312


0 0 4366336


0 0 4367360


0 0 4368384


0 0 4369408


0 0 4370432


0 0 4371456


0 0 4372480


0 0 4373504


0 0 4374528


0 0 4375552


0 0 4376576


0 0 4377600


0 0 4378624


0 0 4379648


0 0 4380672


0 0 4381696


0 0 4382720


0 0 4383744


0 0 4384768


0 0 4385792


0 0 4386816


0 0 4387840


0 0 4388864


0 0 4389888


0 0 4390912


0 0 4391936


0 0 4392960


0 0 4393984


0 0 4395008


0 0 4396032


0 0 4397056


0 0 4398080


0 0 4399104


0 0 4400128


0 0 4401152


0 0 4402176


0 0 4403200


0 0 4404224


0 0 4405248


0 0 4406272


0 0 4407296


0 0 4408320


0 0 4409344


0 0 4410368


0 0 4411392


0 0 4412416


0 0 4413440


0 0 4414464


0 0 4415488


0 0 4416512


0 0 4417536


0 0 4418560


0 0 4419584


0 0 4420608


0 0 4421632


0 0 4422656


0 0 4423680


0 0 4424704


0 0 4425728


0 0 4426752


0 0 4427776


0 0 4428800


0 0 4429824


0 0 4430848


0 0 4431872


0 0 4432896


0 0 4433920


0 0 4434944


0 0 4435968


0 0 4436992


0 0 4438016


0 0 4439040


0 0 4440064


0 0 4441088


0 0 4442112


0 0 4443136


0 0 4444160


0 0 4445184


0 0 4446208


0 0 4447232


0 0 4448256


0 0 4449280


0 0 4450304


0 0 4451328


0 0 4452352


0 0 4453376


0 0 4454400


0 0 4455424


0 0 4456448


0 0 4457472


0 0 4458496


0 0 4459520


0 0 4460544


0 0 4461568


0 0 4462592


0 0 4463616


0 0 4464640


0 0 4465664


0 0 4466688


0 0 4467712


0 0 4468736


0 0 4469760


0 0 4470784


0 0 4471808


0 0 4472832


0 0 4473856


0 0 4474880


0 0 4475904


0 0 4476928


0 0 4477952


0 0 4478976


0 0 4480000


0 0 4481024


0 0 4482048


0 0 4483072


0 0 4484096


0 0 4485120


0 0 4486144


0 0 4487168


0 0 4488192


0 0 4489216


0 0 4490240


0 0 4491264


0 0 4492288


0 0 4493312


0 0 4494336


0 0 4495360


0 0 4496384


0 0 4497408


0 0 4498432


0 0 4499456


0 0 4500480


0 0 4501504


0 0 4502528


0 0 4503552


0 0 4504576


0 0 4505600


0 0 4506624


0 0 4507648


0 0 4508672


0 0 4509696


0 0 4510720


0 0 4511744


0 0 4512768


0 0 4513792


0 0 4514816


0 0 4515840


0 0 4516864


0 0 4517888


0 0 4518912


0 0 4519936


0 0 4520960


0 0 4521984


0 0 4523008


0 0 4524032


0 0 4525056


0 0 4526080


0 0 4527104


0 0 4528128


0 0 4529152


0 0 4530176


0 0 4531200


0 0 4532224


0 0 4533248


0 0 4534272


0 0 4535296


0 0 4536320


0 0 4537344


0 0 4538368


0 0 4539392


0 0 4540416


0 0 4541440


0 0 4542464


0 0 4543488


0 0 4544512


0 0 4545536


0 0 4546560


0 0 4547584


0 0 4548608


0 0 4549632


0 0 4550656


0 0 4551680


0 0 4552704


0 0 4553728


0 0 4554752


0 0 4555776


0 0 4556800


0 0 4557824


0 0 4558848


0 0 4559872


0 0 4560896


0 0 4561920


0 0 4562944


0 0 4563968


0 0 4564992


0 0 4566016


0 0 4567040


0 0 4568064


0 0 4569088


0 0 4570112


0 0 4571136


0 0 4572160


0 0 4573184


0 0 4574208


0 0 4575232


0 0 4576256


0 0 4577280


0 0 4578304


0 0 4579328


0 0 4580352


0 0 4581376


0 0 4582400


0 0 4583424


0 0 4584448


0 0 4585472


0 0 4586496


0 0 4587520


0 0 4588544


0 0 4589568


0 0 4590592


0 0 4591616


0 0 4592640


0 0 4593664


0 0 4594688


0 0 4595712


0 0 4596736


0 0 4597760


0 0 4598784


0 0 4599808


0 0 4600832


0 0 4601856


0 0 4602880


0 0 4603904


0 0 4604928


0 0 4605952


0 0 4606976


0 0 4608000


0 0 4609024


0 0 4610048


0 0 4611072


0 0 4612096


0 0 4613120


0 0 4614144


0 0 4615168


0 0 4616192


0 0 4617216


0 0 4618240


0 0 4619264


0 0 4620288


0 0 4621312


0 0 4622336


0 0 4623360


0 0 4624384


0 0 4625408


0 0 4626432


0 0 4627456


0 0 4628480


0 0 4629504


0 0 4630528


0 0 4631552


0 0 4632576


0 0 4633600


0 0 4634624


0 0 4635648


0 0 4636672


0 0 4637696


0 0 4638720


0 0 4639744


0 0 4640768


0 0 4641792


0 0 4642816


0 0 4643840


0 0 4644864


0 0 4645888


0 0 4646912


0 0 4647936


0 0 4648960


0 0 4649984


0 0 4651008


0 0 4652032


0 0 4653056


0 0 4654080


0 0 4655104


0 0 4656128


0 0 4657152


0 0 4658176


0 0 4659200


0 0 4660224


0 0 4661248


0 0 4662272


0 0 4663296


0 0 4664320


0 0 4665344


0 0 4666368


0 0 4667392


0 0 4668416


0 0 4669440


0 0 4670464


0 0 4671488


0 0 4672512


0 0 4673536


0 0 4674560


0 0 4675584


0 0 4676608


0 0 4677632


0 0 4678656


0 0 4679680


0 0 4680704


0 0 4681728


0 0 4682752


0 0 4683776


0 0 4684800


0 0 4685824


0 0 4686848


0 0 4687872


0 0 4688896


0 0 4689920


0 0 4690944


0 0 4691968


0 0 4692992


0 0 4694016


0 0 4695040


0 0 4696064


0 0 4697088


0 0 4698112


0 0 4699136


0 0 4700160


0 0 4701184


0 0 4702208


0 0 4703232


0 0 4704256


0 0 4705280


0 0 4706304


0 0 4707328


0 0 4708352


0 0 4709376


0 0 4710400


0 0 4711424


0 0 4712448


0 0 4713472


0 0 4714496


0 0 4715520


0 0 4716544


0 0 4717568


0 0 4718592


0 0 4719616


0 0 4720640


0 0 4721664


0 0 4722688


0 0 4723712


0 0 4724736


0 0 4725760


0 0 4726784


0 0 4727808


0 0 4728832


0 0 4729856


0 0 4730880


0 0 4731904


0 0 4732928


0 0 4733952


0 0 4734976


0 0 4736000


0 0 4737024


0 0 4738048


0 0 4739072


0 0 4740096


0 0 4741120


0 0 4742144


0 0 4743168


0 0 4744192


0 0 4745216


0 0 4746240


0 0 4747264


0 0 4748288


0 0 4749312


0 0 4750336


0 0 4751360


0 0 4752384


0 0 4753408


0 0 4754432


0 0 4755456


0 0 4756480


0 0 4757504


0 0 4758528


0 0 4759552


0 0 4760576


0 0 4761600


0 0 4762624


0 0 4763648


0 0 4764672


0 0 4765696


0 0 4766720


0 0 4767744


0 0 4768768


0 0 4769792


0 0 4770816


0 0 4771840


0 0 4772864


0 0 4773888


0 0 4774912


0 0 4775936


0 0 4776960


0 0 4777984


0 0 4779008


0 0 4780032


0 0 4781056


0 0 4782080


0 0 4783104


0 0 4784128


0 0 4785152


0 0 4786176


0 0 4787200


0 0 4788224


0 0 4789248


0 0 4790272


0 0 4791296


0 0 4792320


0 0 4793344


0 0 4794368


0 0 4795392


0 0 4796416


0 0 4797440


0 0 4798464


0 0 4799488


0 0 4800512


0 0 4801536


0 0 4802560


0 0 4803584


0 0 4804608


0 0 4805632


0 0 4806656


0 0 4807680


0 0 4808704


0 0 4809728


0 0 4810752


0 0 4811776


0 0 4812800


0 0 4813824


0 0 4814848


0 0 4815872


0 0 4816896


0 0 4817920


0 0 4818944


0 0 4819968


0 0 4820992


0 0 4822016


0 0 4823040


0 0 4824064


0 0 4825088


0 0 4826112


0 0 4827136


0 0 4828160


0 0 4829184


0 0 4830208


0 0 4831232


0 0 4832256


0 0 4833280


0 0 4834304


0 0 4835328


0 0 4836352


0 0 4837376


0 0 4838400


0 0 4839424


0 0 4840448


0 0 4841472


0 0 4842496


0 0 4843520


0 0 4844544


0 0 4845568


0 0 4846592


0 0 4847616


0 0 4848640


0 0 4849664


0 0 4850688


0 0 4851712


0 0 4852736


0 0 4853760


0 0 4854784


0 0 4855808


0 0 4856832


0 0 4857856


0 0 4858880


0 0 4859904


0 0 4860928


0 0 4861952


0 0 4862976


0 0 4864000


0 0 4865024


0 0 4866048


0 0 4867072


0 0 4868096


0 0 4869120


0 0 4870144


0 0 4871168


0 0 4872192


0 0 4873216


0 0 4874240


0 0 4875264


0 0 4876288


0 0 4877312


0 0 4878336


0 0 4879360


0 0 4880384


0 0 4881408


0 0 4882432


0 0 4883456


0 0 4884480


0 0 4885504


0 0 4886528


0 0 4887552


0 0 4888576


0 0 4889600


0 0 4890624


0 0 4891648


0 0 4892672


0 0 4893696


0 0 4894720


0 0 4895744


0 0 4896768


0 0 4897792


0 0 4898816


0 0 4899840


0 0 4900864


0 0 4901888


0 0 4902912


0 0 4903936


0 0 4904960


0 0 4905984


0 0 4907008


0 0 4908032


0 0 4909056


0 0 4910080


0 0 4911104


0 0 4912128


0 0 4913152


0 0 4914176


0 0 4915200


0 0 4916224


0 0 4917248


0 0 4918272


0 0 4919296


0 0 4920320


0 0 4921344


0 0 4922368


0 0 4923392


0 0 4924416


0 0 4925440


0 0 4926464


0 0 4927488


0 0 4928512


0 0 4929536


0 0 4930560


0 0 4931584


0 0 4932608


0 0 4933632


0 0 4934656


0 0 4935680


0 0 4936704


0 0 4937728


0 0 4938752


0 0 4939776


0 0 4940800


0 0 4941824


0 0 4942848


0 0 4943872


0 0 4944896


0 0 4945920


0 0 4946944


0 0 4947968


0 0 4948992


0 0 4950016


0 0 4951040


0 0 4952064


0 0 4953088


0 0 4954112


0 0 4955136


0 0 4956160


0 0 4957184


0 0 4958208


0 0 4959232


0 0 4960256


0 0 4961280


0 0 4962304


0 0 4963328


0 0 4964352


0 0 4965376


0 0 4966400


0 0 4967424


0 0 4968448


0 0 4969472


0 0 4970496


0 0 4971520


0 0 4972544


0 0 4973568


0 0 4974592


0 0 4975616


0 0 4976640


0 0 4977664


0 0 4978688


0 0 4979712


0 0 4980736


0 0 4981760


0 0 4982784


0 0 4983808


0 0 4984832


0 0 4985856


0 0 4986880


0 0 4987904


0 0 4988928


0 0 4989952


0 0 4990976


0 0 4992000


0 0 4993024


0 0 4994048


0 0 4995072


0 0 4996096


0 0 4997120


0 0 4998144


0 0 4999168


0 0 5000192


0 0 5001216


0 0 5002240


0 0 5003264


0 0 5004288


0 0 5005312


0 0 5006336


0 0 5007360


0 0 5008384


0 0 5009408


0 0 5010432


0 0 5011456


0 0 5012480


0 0 5013504


0 0 5014528


0 0 5015552


0 0 5016576


0 0 5017600


0 0 5018624


0 0 5019648


0 0 5020672


0 0 5021696


0 0 5022720


0 0 5023744


0 0 5024768


0 0 5025792


0 0 5026816


0 0 5027840


0 0 5028864


0 0 5029888


0 0 5030912


0 0 5031936


0 0 5032960


0 0 5033984


0 0 5035008


0 0 5036032


0 0 5037056


0 0 5038080


0 0 5039104


0 0 5040128


0 0 5041152


0 0 5042176


0 0 5043200


0 0 5044224


0 0 5045248


0 0 5046272


0 0 5047296


0 0 5048320


0 0 5049344


0 0 5050368


0 0 5051392


0 0 5052416


0 0 5053440


0 0 5054464


0 0 5055488


0 0 5056512


0 0 5057536


0 0 5058560


0 0 5059584


0 0 5060608


0 0 5061632


0 0 5062656


0 0 5063680


0 0 5064704


0 0 5065728


0 0 5066752


0 0 5067776


0 0 5068800


0 0 5069824


0 0 5070848


0 0 5071872


0 0 5072896


0 0 5073920


0 0 5074944


0 0 5075968


0 0 5076992


0 0 5078016


0 0 5079040


0 0 5080064


0 0 5081088


0 0 5082112


0 0 5083136


0 0 5084160


0 0 5085184


0 0 5086208


0 0 5087232


0 0 5088256


0 0 5089280


0 0 5090304


0 0 5091328


0 0 5092352


0 0 5093376


0 0 5094400


0 0 5095424


0 0 5096448


0 0 5097472


0 0 5098496


0 0 5099520


0 0 5100544


0 0 5101568


0 0 5102592


0 0 5103616


0 0 5104640


0 0 5105664


0 0 5106688


0 0 5107712


0 0 5108736


0 0 5109760


0 0 5110784


0 0 5111808


0 0 5112832


0 0 5113856


0 0 5114880


0 0 5115904


0 0 5116928


0 0 5117952


0 0 5118976


0 0 5120000


0 0 5121024


0 0 5122048


0 0 5123072


0 0 5124096


0 0 5125120


0 0 5126144


0 0 5127168


0 0 5128192


0 0 5129216


0 0 5130240


0 0 5131264


0 0 5132288


0 0 5133312


0 0 5134336


0 0 5135360


0 0 5136384


0 0 5137408


0 0 5138432


0 0 5139456


0 0 5140480


0 0 5141504


0 0 5142528


0 0 5143552


0 0 5144576


0 0 5145600


0 0 5146624


0 0 5147648


0 0 5148672


0 0 5149696


0 0 5150720


0 0 5151744


0 0 5152768


0 0 5153792


0 0 5154816


0 0 5155840


0 0 5156864


0 0 5157888


0 0 5158912


0 0 5159936


0 0 5160960


0 0 5161984


0 0 5163008


0 0 5164032


0 0 5165056


0 0 5166080


0 0 5167104


0 0 5168128


0 0 5169152


0 0 5170176


0 0 5171200


0 0 5172224


0 0 5173248


0 0 5174272


0 0 5175296


0 0 5176320


0 0 5177344


0 0 5178368


0 0 5179392


0 0 5180416


0 0 5181440


0 0 5182464


0 0 5183488


0 0 5184512


0 0 5185536


0 0 5186560


0 0 5187584


0 0 5188608


0 0 5189632


0 0 5190656


0 0 5191680


0 0 5192704


0 0 5193728


0 0 5194752


0 0 5195776


0 0 5196800


0 0 5197824


0 0 5198848


0 0 5199872


0 0 5200896


0 0 5201920


0 0 5202944


0 0 5203968


0 0 5204992


0 0 5206016


0 0 5207040


0 0 5208064


0 0 5209088


0 0 5210112


0 0 5211136


0 0 5212160


0 0 5213184


0 0 5214208


0 0 5215232


0 0 5216256


0 0 5217280


0 0 5218304


0 0 5219328


0 0 5220352


0 0 5221376


0 0 5222400


0 0 5223424


0 0 5224448


0 0 5225472


0 0 5226496


0 0 5227520


0 0 5228544


0 0 5229568


0 0 5230592


0 0 5231616


0 0 5232640


0 0 5233664


0 0 5234688


0 0 5235712


0 0 5236736


0 0 5237760


0 0 5238784


0 0 5239808


0 0 5240832


0 0 5241856


0 0 5242880


0 0 5243904


0 0 5244928


0 0 5245952


0 0 5246976


0 0 5248000


0 0 5249024


0 0 5250048


0 0 5251072


0 0 5252096


0 0 5253120


0 0 5254144


0 0 5255168


0 0 5256192


0 0 5257216


0 0 5258240


0 0 5259264


0 0 5260288


0 0 5261312


0 0 5262336


0 0 5263360


0 0 5264384


0 0 5265408


0 0 5266432


0 0 5267456


0 0 5268480


0 0 5269504


0 0 5270528


0 0 5271552


0 0 5272576


0 0 5273600


0 0 5274624


0 0 5275648


0 0 5276672


0 0 5277696


0 0 5278720


0 0 5279744


0 0 5280768


0 0 5281792


0 0 5282816


0 0 5283840


0 0 5284864


0 0 5285888


0 0 5286912


0 0 5287936


0 0 5288960


0 0 5289984


0 0 5291008


0 0 5292032


0 0 5293056


0 0 5294080


0 0 5295104


0 0 5296128


0 0 5297152


0 0 5298176


0 0 5299200


0 0 5300224


0 0 5301248


0 0 5302272


0 0 5303296


0 0 5304320


0 0 5305344


0 0 5306368


0 0 5307392


0 0 5308416


0 0 5309440


0 0 5310464


0 0 5311488


0 0 5312512


0 0 5313536


0 0 5314560


0 0 5315584


0 0 5316608


0 0 5317632


0 0 5318656


0 0 5319680


0 0 5320704


0 0 5321728


0 0 5322752


0 0 5323776


0 0 5324800


0 0 5325824


0 0 5326848


0 0 5327872


0 0 5328896


0 0 5329920


0 0 5330944


0 0 5331968


0 0 5332992


0 0 5334016


0 0 5335040


0 0 5336064


0 0 5337088


0 0 5338112


0 0 5339136


0 0 5340160


0 0 5341184


0 0 5342208


0 0 5343232


0 0 5344256


0 0 5345280


0 0 5346304


0 0 5347328


0 0 5348352


0 0 5349376


0 0 5350400


0 0 5351424


0 0 5352448


0 0 5353472


0 0 5354496


0 0 5355520


0 0 5356544


0 0 5357568


0 0 5358592


0 0 5359616


0 0 5360640


0 0 5361664


0 0 5362688


0 0 5363712


0 0 5364736


0 0 5365760


0 0 5366784


0 0 5367808


0 0 5368832


0 0 5369856


0 0 5370880


0 0 5371904


0 0 5372928


0 0 5373952


0 0 5374976


0 0 5376000


0 0 5377024


0 0 5378048


0 0 5379072


0 0 5380096


0 0 5381120


0 0 5382144


0 0 5383168


0 0 5384192


0 0 5385216


0 0 5386240


0 0 5387264


0 0 5388288


0 0 5389312


0 0 5390336


0 0 5391360


0 0 5392384


0 0 5393408


0 0 5394432


0 0 5395456


0 0 5396480


0 0 5397504


0 0 5398528


0 0 5399552


0 0 5400576


0 0 5401600


0 0 5402624


0 0 5403648


0 0 5404672


0 0 5405696


0 0 5406720


0 0 5407744


0 0 5408768


0 0 5409792


0 0 5410816


0 0 5411840


0 0 5412864


0 0 5413888


0 0 5414912


0 0 5415936


0 0 5416960


0 0 5417984


0 0 5419008


0 0 5420032


0 0 5421056


0 0 5422080


0 0 5423104


0 0 5424128


0 0 5425152


0 0 5426176


0 0 5427200


0 0 5428224


0 0 5429248


0 0 5430272


0 0 5431296


0 0 5432320


0 0 5433344


0 0 5434368


0 0 5435392


0 0 5436416


0 0 5437440


0 0 5438464


0 0 5439488


0 0 5440512


0 0 5441536


0 0 5442560


0 0 5443584


0 0 5444608


0 0 5445632


0 0 5446656


0 0 5447680


0 0 5448704


0 0 5449728


0 0 5450752


0 0 5451776


0 0 5452800


0 0 5453824


0 0 5454848


0 0 5455872


0 0 5456896


0 0 5457920


0 0 5458944


0 0 5459968


0 0 5460992


0 0 5462016


0 0 5463040


0 0 5464064


0 0 5465088


0 0 5466112


0 0 5467136


0 0 5468160


0 0 5469184


0 0 5470208


0 0 5471232


0 0 5472256


0 0 5473280


0 0 5474304


0 0 5475328


0 0 5476352


0 0 5477376


0 0 5478400


0 0 5479424


0 0 5480448


0 0 5481472


0 0 5482496


0 0 5483520


0 0 5484544


0 0 5485568


0 0 5486592


0 0 5487616


0 0 5488640


0 0 5489664


0 0 5490688


0 0 5491712


0 0 5492736


0 0 5493760


0 0 5494784


0 0 5495808


0 0 5496832


0 0 5497856


0 0 5498880


0 0 5499904


0 0 5500928


0 0 5501952


0 0 5502976


0 0 5504000


0 0 5505024


0 0 5506048


0 0 5507072


0 0 5508096


0 0 5509120


0 0 5510144


0 0 5511168


0 0 5512192


0 0 5513216


0 0 5514240


0 0 5515264


0 0 5516288


0 0 5517312


0 0 5518336


0 0 5519360


0 0 5520384


0 0 5521408


0 0 5522432


0 0 5523456


0 0 5524480


0 0 5525504


0 0 5526528


0 0 5527552


0 0 5528576


0 0 5529600


0 0 5530624


0 0 5531648


0 0 5532672


0 0 5533696


0 0 5534720


0 0 5535744


0 0 5536768


0 0 5537792


0 0 5538816


0 0 5539840


0 0 5540864


0 0 5541888


0 0 5542912


0 0 5543936


0 0 5544960


0 0 5545984


0 0 5547008


0 0 5548032


0 0 5549056


0 0 5550080


0 0 5551104


0 0 5552128


0 0 5553152


0 0 5554176


0 0 5555200


0 0 5556224


0 0 5557248


0 0 5558272


0 0 5559296


0 0 5560320


0 0 5561344


0 0 5562368


0 0 5563392


0 0 5564416


0 0 5565440


0 0 5566464


0 0 5567488


0 0 5568512


0 0 5569536


0 0 5570560


0 0 5571584


0 0 5572608


0 0 5573632


0 0 5574656


0 0 5575680


0 0 5576704


0 0 5577728


0 0 5578752


0 0 5579776


0 0 5580800


0 0 5581824


0 0 5582848


0 0 5583872


0 0 5584896


0 0 5585920


0 0 5586944


0 0 5587968


0 0 5588992


0 0 5590016


0 0 5591040


0 0 5592064


0 0 5593088


0 0 5594112


0 0 5595136


0 0 5596160


0 0 5597184


0 0 5598208


0 0 5599232


0 0 5600256


0 0 5601280


0 0 5602304


0 0 5603328


0 0 5604352


0 0 5605376


0 0 5606400


0 0 5607424


0 0 5608448


0 0 5609472


0 0 5610496


0 0 5611520


0 0 5612544


0 0 5613568


0 0 5614592


0 0 5615616


0 0 5616640


0 0 5617664


0 0 5618688


0 0 5619712


0 0 5620736


0 0 5621760


0 0 5622784


0 0 5623808


0 0 5624832


0 0 5625856


0 0 5626880


0 0 5627904


0 0 5628928


0 0 5629952


0 0 5630976


0 0 5632000


0 0 5633024


0 0 5634048


0 0 5635072


0 0 5636096


0 0 5637120


0 0 5638144


0 0 5639168


0 0 5640192


0 0 5641216


0 0 5642240


0 0 5643264


0 0 5644288


0 0 5645312


0 0 5646336


0 0 5647360


0 0 5648384


0 0 5649408


0 0 5650432


0 0 5651456


0 0 5652480


0 0 5653504


0 0 5654528


0 0 5655552


0 0 5656576


0 0 5657600


0 0 5658624


0 0 5659648


0 0 5660672


0 0 5661696


0 0 5662720


0 0 5663744


0 0 5664768


0 0 5665792


0 0 5666816


0 0 5667840


0 0 5668864


0 0 5669888


0 0 5670912


0 0 5671936


0 0 5672960


0 0 5673984


0 0 5675008


0 0 5676032


0 0 5677056


0 0 5678080


0 0 5679104


0 0 5680128


0 0 5681152


0 0 5682176


0 0 5683200


0 0 5684224


0 0 5685248


0 0 5686272


0 0 5687296


0 0 5688320


0 0 5689344


0 0 5690368


0 0 5691392


0 0 5692416


0 0 5693440


0 0 5694464


0 0 5695488


0 0 5696512


0 0 5697536


0 0 5698560


0 0 5699584


0 0 5700608


0 0 5701632


0 0 5702656


0 0 5703680


0 0 5704704


0 0 5705728


0 0 5706752


0 0 5707776


0 0 5708800


0 0 5709824


0 0 5710848


0 0 5711872


0 0 5712896


0 0 5713920


0 0 5714944


0 0 5715968


0 0 5716992


0 0 5718016


0 0 5719040


0 0 5720064


0 0 5721088


0 0 5722112


0 0 5723136


0 0 5724160


0 0 5725184


0 0 5726208


0 0 5727232


0 0 5728256


0 0 5729280


0 0 5730304


0 0 5731328


0 0 5732352


0 0 5733376


0 0 5734400


0 0 5735424


0 0 5736448


0 0 5737472


0 0 5738496


0 0 5739520


0 0 5740544


0 0 5741568


0 0 5742592


0 0 5743616


0 0 5744640


0 0 5745664


0 0 5746688


0 0 5747712


0 0 5748736


0 0 5749760


0 0 5750784


0 0 5751808


0 0 5752832


0 0 5753856


0 0 5754880


0 0 5755904


0 0 5756928


0 0 5757952


0 0 5758976


0 0 5760000


0 0 5761024


0 0 5762048


0 0 5763072


0 0 5764096


0 0 5765120


0 0 5766144


0 0 5767168


0 0 5768192


0 0 5769216


0 0 5770240


0 0 5771264


0 0 5772288


0 0 5773312


0 0 5774336


0 0 5775360


0 0 5776384


0 0 5777408


0 0 5778432


0 0 5779456


0 0 5780480


0 0 5781504


0 0 5782528


0 0 5783552


0 0 5784576


0 0 5785600


0 0 5786624


0 0 5787648


0 0 5788672


0 0 5789696


0 0 5790720


0 0 5791744


0 0 5792768


0 0 5793792


0 0 5794816


0 0 5795840


0 0 5796864


0 0 5797888


0 0 5798912


0 0 5799936


0 0 5800960


0 0 5801984


0 0 5803008


0 0 5804032


0 0 5805056


0 0 5806080


0 0 5807104


0 0 5808128


0 0 5809152


0 0 5810176


0 0 5811200


0 0 5812224


0 0 5813248


0 0 5814272


0 0 5815296


0 0 5816320


0 0 5817344


0 0 5818368


0 0 5819392


0 0 5820416


0 0 5821440


0 0 5822464


0 0 5823488


0 0 5824512


0 0 5825536


0 0 5826560


0 0 5827584


0 0 5828608


0 0 5829632


0 0 5830656


0 0 5831680


0 0 5832704


0 0 5833728


0 0 5834752


0 0 5835776


0 0 5836800


0 0 5837824


0 0 5838848


0 0 5839872


0 0 5840896


0 0 5841920


0 0 5842944


0 0 5843968


0 0 5844992


0 0 5846016


0 0 5847040


0 0 5848064


0 0 5849088


0 0 5850112


0 0 5851136


0 0 5852160


0 0 5853184


0 0 5854208


0 0 5855232


0 0 5856256


0 0 5857280


0 0 5858304


0 0 5859328


0 0 5860352


0 0 5861376


0 0 5862400


0 0 5863424


0 0 5864448


0 0 5865472


0 0 5866496


0 0 5867520


0 0 5868544


0 0 5869568


0 0 5870592


0 0 5871616


0 0 5872640


0 0 5873664


0 0 5874688


0 0 5875712


0 0 5876736


0 0 5877760


0 0 5878784


0 0 5879808


0 0 5880832


0 0 5881856


0 0 5882880


0 0 5883904


0 0 5884928


0 0 5885952


0 0 5886976


0 0 5888000


0 0 5889024


0 0 5890048


0 0 5891072


0 0 5892096


0 0 5893120


0 0 5894144


0 0 5895168


0 0 5896192


0 0 5897216


0 0 5898240


0 0 5899264


0 0 5900288


0 0 5901312


0 0 5902336


0 0 5903360


0 0 5904384


0 0 5905408


0 0 5906432


0 0 5907456


0 0 5908480


0 0 5909504


0 0 5910528


0 0 5911552


0 0 5912576


0 0 5913600


0 0 5914624


0 0 5915648


0 0 5916672


0 0 5917696


0 0 5918720


0 0 5919744


0 0 5920768


0 0 5921792


0 0 5922816


0 0 5923840


0 0 5924864


0 0 5925888


0 0 5926912


0 0 5927936


0 0 5928960


0 0 5929984


0 0 5931008


0 0 5932032


0 0 5933056


0 0 5934080


0 0 5935104


0 0 5936128


0 0 5937152


0 0 5938176


0 0 5939200


0 0 5940224


0 0 5941248


0 0 5942272


0 0 5943296


0 0 5944320


0 0 5945344


0 0 5946368


0 0 5947392


0 0 5948416


0 0 5949440


0 0 5950464


0 0 5951488


0 0 5952512


0 0 5953536


0 0 5954560


0 0 5955584


0 0 5956608


0 0 5957632


0 0 5958656


0 0 5959680


0 0 5960704


0 0 5961728


0 0 5962752


0 0 5963776


0 0 5964800


0 0 5965824


0 0 5966848


0 0 5967872


0 0 5968896


0 0 5969920


0 0 5970944


0 0 5971968


0 0 5972992


0 0 5974016


0 0 5975040


0 0 5976064


0 0 5977088


0 0 5978112


0 0 5979136


0 0 5980160


0 0 5981184


0 0 5982208


0 0 5983232


0 0 5984256


0 0 5985280


0 0 5986304


0 0 5987328


0 0 5988352


0 0 5989376


0 0 5990400


0 0 5991424


0 0 5992448


0 0 5993472


0 0 5994496


0 0 5995520


0 0 5996544


0 0 5997568


0 0 5998592


0 0 5999616


0 0 6000640


0 0 6001664


0 0 6002688


0 0 6003712


0 0 6004736


0 0 6005760


0 0 6006784


0 0 6007808


0 0 6008832


0 0 6009856


0 0 6010880


0 0 6011904


0 0 6012928


0 0 6013952


0 0 6014976


0 0 6016000


0 0 6017024


0 0 6018048


0 0 6019072


0 0 6020096


0 0 6021120


0 0 6022144


0 0 6023168


0 0 6024192


0 0 6025216


0 0 6026240


0 0 6027264


0 0 6028288


0 0 6029312


0 0 6030336


0 0 6031360


0 0 6032384


0 0 6033408


0 0 6034432


0 0 6035456


0 0 6036480


0 0 6037504


0 0 6038528


0 0 6039552


0 0 6040576


0 0 6041600


0 0 6042624


0 0 6043648


0 0 6044672


0 0 6045696


0 0 6046720


0 0 6047744


0 0 6048768


0 0 6049792


0 0 6050816


0 0 6051840


0 0 6052864


0 0 6053888


0 0 6054912


0 0 6055936


0 0 6056960


0 0 6057984


0 0 6059008


0 0 6060032


0 0 6061056


0 0 6062080


0 0 6063104


0 0 6064128


0 0 6065152


0 0 6066176


0 0 6067200


0 0 6068224


0 0 6069248


0 0 6070272


0 0 6071296


0 0 6072320


0 0 6073344


0 0 6074368


0 0 6075392


0 0 6076416


0 0 6077440


0 0 6078464


0 0 6079488


0 0 6080512


0 0 6081536


0 0 6082560


0 0 6083584


0 0 6084608


0 0 6085632


0 0 6086656


0 0 6087680


0 0 6088704


0 0 6089728


0 0 6090752


0 0 6091776


0 0 6092800


0 0 6093824


0 0 6094848


0 0 6095872


0 0 6096896


0 0 6097920


0 0 6098944


0 0 6099968


0 0 6100992


0 0 6102016


0 0 6103040


0 0 6104064


0 0 6105088


0 0 6106112


0 0 6107136


0 0 6108160


0 0 6109184


0 0 6110208


0 0 6111232


0 0 6112256


0 0 6113280


0 0 6114304


0 0 6115328


0 0 6116352


0 0 6117376


0 0 6118400


0 0 6119424


0 0 6120448


0 0 6121472


0 0 6122496


0 0 6123520


0 0 6124544


0 0 6125568


0 0 6126592


0 0 6127616


0 0 6128640


0 0 6129664


0 0 6130688


0 0 6131712


0 0 6132736


0 0 6133760


0 0 6134784


0 0 6135808


0 0 6136832


0 0 6137856


0 0 6138880


0 0 6139904


0 0 6140928


0 0 6141952


0 0 6142976


0 0 6144000


0 0 6145024


0 0 6146048


0 0 6147072


0 0 6148096


0 0 6149120


0 0 6150144


0 0 6151168


0 0 6152192


0 0 6153216


0 0 6154240


0 0 6155264


0 0 6156288


0 0 6157312


0 0 6158336


0 0 6159360


0 0 6160384


0 0 6161408


0 0 6162432


0 0 6163456


0 0 6164480


0 0 6165504


0 0 6166528


0 0 6167552


0 0 6168576


0 0 6169600


0 0 6170624


0 0 6171648


0 0 6172672


0 0 6173696


0 0 6174720


0 0 6175744


0 0 6176768


0 0 6177792


0 0 6178816


0 0 6179840


0 0 6180864


0 0 6181888


0 0 6182912


0 0 6183936


0 0 6184960


0 0 6185984


0 0 6187008


0 0 6188032


0 0 6189056


0 0 6190080


0 0 6191104


0 0 6192128


0 0 6193152


0 0 6194176


0 0 6195200


0 0 6196224


0 0 6197248


0 0 6198272


0 0 6199296


0 0 6200320


0 0 6201344


0 0 6202368


0 0 6203392


0 0 6204416


0 0 6205440


0 0 6206464


0 0 6207488


0 0 6208512


0 0 6209536


0 0 6210560


0 0 6211584


0 0 6212608


0 0 6213632


0 0 6214656


0 0 6215680


0 0 6216704


0 0 6217728


0 0 6218752


0 0 6219776


0 0 6220800


0 0 6221824


0 0 6222848


0 0 6223872


0 0 6224896


0 0 6225920


0 0 6226944


0 0 6227968


0 0 6228992


0 0 6230016


0 0 6231040


0 0 6232064


0 0 6233088


0 0 6234112


0 0 6235136


0 0 6236160


0 0 6237184


0 0 6238208


0 0 6239232


0 0 6240256


0 0 6241280


0 0 6242304


0 0 6243328


0 0 6244352


0 0 6245376


0 0 6246400


0 0 6247424


0 0 6248448


0 0 6249472


0 0 6250496


0 0 6251520


0 0 6252544


0 0 6253568


0 0 6254592


0 0 6255616


0 0 6256640


0 0 6257664


0 0 6258688


0 0 6259712


0 0 6260736


0 0 6261760


0 0 6262784


0 0 6263808


0 0 6264832


0 0 6265856


0 0 6266880


0 0 6267904


0 0 6268928


0 0 6269952


0 0 6270976


0 0 6272000


0 0 6273024


0 0 6274048


0 0 6275072


0 0 6276096


0 0 6277120


0 0 6278144


0 0 6279168


0 0 6280192


0 0 6281216


0 0 6282240


0 0 6283264


0 0 6284288


0 0 6285312


0 0 6286336


0 0 6287360


0 0 6288384


0 0 6289408


0 0 6290432


0 0 6291456


0 0 6292480


0 0 6293504


0 0 6294528


0 0 6295552


0 0 6296576


0 0 6297600


0 0 6298624


0 0 6299648


0 0 6300672


0 0 6301696


0 0 6302720


0 0 6303744


0 0 6304768


0 0 6305792


0 0 6306816


0 0 6307840


0 0 6308864


0 0 6309888


0 0 6310912


0 0 6311936


0 0 6312960


0 0 6313984


0 0 6315008


0 0 6316032


0 0 6317056


0 0 6318080


0 0 6319104


0 0 6320128


0 0 6321152


0 0 6322176


0 0 6323200


0 0 6324224


0 0 6325248


0 0 6326272


0 0 6327296


0 0 6328320


0 0 6329344


0 0 6330368


0 0 6331392


0 0 6332416


0 0 6333440


0 0 6334464


0 0 6335488


0 0 6336512


0 0 6337536


0 0 6338560


0 0 6339584


0 0 6340608


0 0 6341632


0 0 6342656


0 0 6343680


0 0 6344704


0 0 6345728


0 0 6346752


0 0 6347776


0 0 6348800


0 0 6349824


0 0 6350848


0 0 6351872


0 0 6352896


0 0 6353920


0 0 6354944


0 0 6355968


0 0 6356992


0 0 6358016


0 0 6359040


0 0 6360064


0 0 6361088


0 0 6362112


0 0 6363136


0 0 6364160


0 0 6365184


0 0 6366208


0 0 6367232


0 0 6368256


0 0 6369280


0 0 6370304


0 0 6371328


0 0 6372352


0 0 6373376


0 0 6374400


0 0 6375424


0 0 6376448


0 0 6377472


0 0 6378496


0 0 6379520


0 0 6380544


0 0 6381568


0 0 6382592


0 0 6383616


0 0 6384640


0 0 6385664


0 0 6386688


0 0 6387712


0 0 6388736


0 0 6389760


0 0 6390784


0 0 6391808


0 0 6392832


0 0 6393856


0 0 6394880


0 0 6395904


0 0 6396928


0 0 6397952


0 0 6398976


0 0 6400000


0 0 6401024


0 0 6402048


0 0 6403072


0 0 6404096


0 0 6405120


0 0 6406144


0 0 6407168


0 0 6408192


0 0 6409216


0 0 6410240


0 0 6411264


0 0 6412288


0 0 6413312


0 0 6414336


0 0 6415360


0 0 6416384


0 0 6417408


0 0 6418432


0 0 6419456


0 0 6420480


0 0 6421504


0 0 6422528


0 0 6423552


0 0 6424576


0 0 6425600


0 0 6426624


0 0 6427648


0 0 6428672


0 0 6429696


0 0 6430720


0 0 6431744


0 0 6432768


0 0 6433792


0 0 6434816


0 0 6435840


0 0 6436864


0 0 6437888


0 0 6438912


0 0 6439936


0 0 6440960


0 0 6441984


0 0 6443008


0 0 6444032


0 0 6445056


0 0 6446080


0 0 6447104


0 0 6448128


0 0 6449152


0 0 6450176


0 0 6451200


0 0 6452224


0 0 6453248


0 0 6454272


0 0 6455296


0 0 6456320


0 0 6457344


0 0 6458368


0 0 6459392


0 0 6460416


0 0 6461440


0 0 6462464


0 0 6463488


0 0 6464512


0 0 6465536


0 0 6466560


0 0 6467584


0 0 6468608


0 0 6469632


0 0 6470656


0 0 6471680


0 0 6472704


0 0 6473728


0 0 6474752


0 0 6475776


0 0 6476800


0 0 6477824


0 0 6478848


0 0 6479872


0 0 6480896


0 0 6481920


0 0 6482944


0 0 6483968


0 0 6484992


0 0 6486016


0 0 6487040


0 0 6488064


0 0 6489088


0 0 6490112


0 0 6491136


0 0 6492160


0 0 6493184


0 0 6494208


0 0 6495232


0 0 6496256


0 0 6497280


0 0 6498304


0 0 6499328


0 0 6500352


0 0 6501376


0 0 6502400


0 0 6503424


0 0 6504448


0 0 6505472


0 0 6506496


0 0 6507520


0 0 6508544


0 0 6509568


0 0 6510592


0 0 6511616


0 0 6512640


0 0 6513664


0 0 6514688


0 0 6515712


0 0 6516736


0 0 6517760


0 0 6518784


0 0 6519808


0 0 6520832


0 0 6521856


0 0 6522880


0 0 6523904


0 0 6524928


0 0 6525952


0 0 6526976


0 0 6528000


0 0 6529024


0 0 6530048


0 0 6531072


0 0 6532096


0 0 6533120


0 0 6534144


0 0 6535168


0 0 6536192


0 0 6537216


0 0 6538240


0 0 6539264


0 0 6540288


0 0 6541312


0 0 6542336


0 0 6543360


0 0 6544384


0 0 6545408


0 0 6546432


0 0 6547456


0 0 6548480


0 0 6549504


0 0 6550528


0 0 6551552


0 0 6552576


0 0 6553600


0 0 6554624


0 0 6555648


0 0 6556672


0 0 6557696


0 0 6558720


0 0 6559744


0 0 6560768


0 0 6561792


0 0 6562816


0 0 6563840


0 0 6564864


0 0 6565888


0 0 6566912


0 0 6567936


0 0 6568960


0 0 6569984


0 0 6571008


0 0 6572032


0 0 6573056


0 0 6574080


0 0 6575104


0 0 6576128


0 0 6577152


0 0 6578176


0 0 6579200


0 0 6580224


0 0 6581248


0 0 6582272


0 0 6583296


0 0 6584320


0 0 6585344


0 0 6586368


0 0 6587392


0 0 6588416


0 0 6589440


0 0 6590464


0 0 6591488


0 0 6592512


0 0 6593536


0 0 6594560


0 0 6595584


0 0 6596608


0 0 6597632


0 0 6598656


0 0 6599680


0 0 6600704


0 0 6601728


0 0 6602752


0 0 6603776


0 0 6604800


0 0 6605824


0 0 6606848


0 0 6607872


0 0 6608896


0 0 6609920


0 0 6610944


0 0 6611968


0 0 6612992


0 0 6614016


0 0 6615040


0 0 6616064


0 0 6617088


0 0 6618112


0 0 6619136


0 0 6620160


0 0 6621184


0 0 6622208


0 0 6623232


0 0 6624256


0 0 6625280


0 0 6626304


0 0 6627328


0 0 6628352


0 0 6629376


0 0 6630400


0 0 6631424


0 0 6632448


0 0 6633472


0 0 6634496


0 0 6635520


0 0 6636544


0 0 6637568


0 0 6638592


0 0 6639616


0 0 6640640


0 0 6641664


0 0 6642688


0 0 6643712


0 0 6644736


0 0 6645760


0 0 6646784


0 0 6647808


0 0 6648832


0 0 6649856


0 0 6650880


0 0 6651904


0 0 6652928


0 0 6653952


0 0 6654976


0 0 6656000


0 0 6657024


0 0 6658048


0 0 6659072


0 0 6660096


0 0 6661120


0 0 6662144


0 0 6663168


0 0 6664192


0 0 6665216


0 0 6666240


0 0 6667264


0 0 6668288


0 0 6669312


0 0 6670336


0 0 6671360


0 0 6672384


0 0 6673408


0 0 6674432


0 0 6675456


0 0 6676480


0 0 6677504


0 0 6678528


0 0 6679552


0 0 6680576


0 0 6681600


0 0 6682624


0 0 6683648


0 0 6684672


0 0 6685696


0 0 6686720


0 0 6687744


0 0 6688768


0 0 6689792


0 0 6690816


0 0 6691840


0 0 6692864


0 0 6693888


0 0 6694912


0 0 6695936


0 0 6696960


0 0 6697984


0 0 6699008


0 0 6700032


0 0 6701056


0 0 6702080


0 0 6703104


0 0 6704128


0 0 6705152


0 0 6706176


0 0 6707200


0 0 6708224


0 0 6709248


0 0 6710272


0 0 6711296


0 0 6712320


0 0 6713344


0 0 6714368


0 0 6715392


0 0 6716416


0 0 6717440


0 0 6718464


0 0 6719488


0 0 6720512


0 0 6721536


0 0 6722560


0 0 6723584


0 0 6724608


0 0 6725632


0 0 6726656


0 0 6727680


0 0 6728704


0 0 6729728


0 0 6730752


0 0 6731776


0 0 6732800


0 0 6733824


0 0 6734848


0 0 6735872


0 0 6736896


0 0 6737920


0 0 6738944


0 0 6739968


0 0 6740992


0 0 6742016


0 0 6743040


0 0 6744064


0 0 6745088


0 0 6746112


0 0 6747136


0 0 6748160


0 0 6749184


0 0 6750208


0 0 6751232


0 0 6752256


0 0 6753280


0 0 6754304


0 0 6755328


0 0 6756352


0 0 6757376


0 0 6758400


0 0 6759424


0 0 6760448


0 0 6761472


0 0 6762496


0 0 6763520


0 0 6764544


0 0 6765568


0 0 6766592


0 0 6767616


0 0 6768640


0 0 6769664


0 0 6770688


0 0 6771712


0 0 6772736


0 0 6773760


0 0 6774784


0 0 6775808


0 0 6776832


0 0 6777856


0 0 6778880


0 0 6779904


0 0 6780928


0 0 6781952


0 0 6782976


0 0 6784000


0 0 6785024


0 0 6786048


0 0 6787072


0 0 6788096


0 0 6789120


0 0 6790144


0 0 6791168


0 0 6792192


0 0 6793216


0 0 6794240


0 0 6795264


0 0 6796288


0 0 6797312


0 0 6798336


0 0 6799360


0 0 6800384


0 0 6801408


0 0 6802432


0 0 6803456


0 0 6804480


0 0 6805504


0 0 6806528


0 0 6807552


0 0 6808576


0 0 6809600


0 0 6810624


0 0 6811648


0 0 6812672


0 0 6813696


0 0 6814720


0 0 6815744


0 0 6816768


0 0 6817792


0 0 6818816


0 0 6819840


0 0 6820864


0 0 6821888


0 0 6822912


0 0 6823936


0 0 6824960


0 0 6825984


0 0 6827008


0 0 6828032


0 0 6829056


0 0 6830080


0 0 6831104


0 0 6832128


0 0 6833152


0 0 6834176


0 0 6835200


0 0 6836224


0 0 6837248


0 0 6838272


0 0 6839296


0 0 6840320


0 0 6841344


0 0 6842368


0 0 6843392


0 0 6844416


0 0 6845440


0 0 6846464


0 0 6847488


0 0 6848512


0 0 6849536


0 0 6850560


0 0 6851584


0 0 6852608


0 0 6853632


0 0 6854656


0 0 6855680


0 0 6856704


0 0 6857728


0 0 6858752


0 0 6859776


0 0 6860800


0 0 6861824


0 0 6862848


0 0 6863872


0 0 6864896


0 0 6865920


0 0 6866944


0 0 6867968


0 0 6868992


0 0 6870016


0 0 6871040


0 0 6872064


0 0 6873088


0 0 6874112


0 0 6875136


0 0 6876160


0 0 6877184


0 0 6878208


0 0 6879232


0 0 6880256


0 0 6881280


0 0 6882304


0 0 6883328


0 0 6884352


0 0 6885376


0 0 6886400


0 0 6887424


0 0 6888448


0 0 6889472


0 0 6890496


0 0 6891520


0 0 6892544


0 0 6893568


0 0 6894592


0 0 6895616


0 0 6896640


0 0 6897664


0 0 6898688


0 0 6899712


0 0 6900736


0 0 6901760


0 0 6902784


0 0 6903808


0 0 6904832


0 0 6905856


0 0 6906880


0 0 6907904


0 0 6908928


0 0 6909952


0 0 6910976


0 0 6912000


0 0 6913024


0 0 6914048


0 0 6915072


0 0 6916096


0 0 6917120


0 0 6918144


0 0 6919168


0 0 6920192


0 0 6921216


0 0 6922240


0 0 6923264


0 0 6924288


0 0 6925312


0 0 6926336


0 0 6927360


0 0 6928384


0 0 6929408


0 0 6930432


0 0 6931456


0 0 6932480


0 0 6933504


0 0 6934528


0 0 6935552


0 0 6936576


0 0 6937600


0 0 6938624


0 0 6939648


0 0 6940672


0 0 6941696


0 0 6942720


0 0 6943744


0 0 6944768


0 0 6945792


0 0 6946816


0 0 6947840


0 0 6948864


0 0 6949888


0 0 6950912


0 0 6951936


0 0 6952960


0 0 6953984


0 0 6955008


0 0 6956032


0 0 6957056


0 0 6958080


0 0 6959104


0 0 6960128


0 0 6961152


0 0 6962176


0 0 6963200


0 0 6964224


0 0 6965248


0 0 6966272


0 0 6967296


0 0 6968320


0 0 6969344


0 0 6970368


0 0 6971392


0 0 6972416


0 0 6973440


0 0 6974464


0 0 6975488


0 0 6976512


0 0 6977536


0 0 6978560


0 0 6979584


0 0 6980608


0 0 6981632


0 0 6982656


0 0 6983680


0 0 6984704


0 0 6985728


0 0 6986752


0 0 6987776


0 0 6988800


0 0 6989824


0 0 6990848


0 0 6991872


0 0 6992896


0 0 6993920


0 0 6994944


0 0 6995968


0 0 6996992


0 0 6998016


0 0 6999040


0 0 7000064


0 0 7001088


0 0 7002112


0 0 7003136


0 0 7004160


0 0 7005184


0 0 7006208


0 0 7007232


0 0 7008256


0 0 7009280


0 0 7010304


0 0 7011328


0 0 7012352


0 0 7013376


0 0 7014400


0 0 7015424


0 0 7016448


0 0 7017472


0 0 7018496


0 0 7019520


0 0 7020544


0 0 7021568


0 0 7022592


0 0 7023616


0 0 7024640


0 0 7025664


0 0 7026688


0 0 7027712


0 0 7028736


0 0 7029760


0 0 7030784


0 0 7031808


0 0 7032832


0 0 7033856


0 0 7034880


0 0 7035904


0 0 7036928


0 0 7037952


0 0 7038976


0 0 7040000


0 0 7041024


0 0 7042048


0 0 7043072


0 0 7044096


0 0 7045120


0 0 7046144


0 0 7047168


0 0 7048192


0 0 7049216


0 0 7050240


0 0 7051264


0 0 7052288


0 0 7053312


0 0 7054336


0 0 7055360


0 0 7056384


0 0 7057408


0 0 7058432


0 0 7059456


0 0 7060480


0 0 7061504


0 0 7062528


0 0 7063552


0 0 7064576


0 0 7065600


0 0 7066624


0 0 7067648


0 0 7068672


0 0 7069696


0 0 7070720


0 0 7071744


0 0 7072768


0 0 7073792


0 0 7074816


0 0 7075840


0 0 7076864


0 0 7077888


0 0 7078912


0 0 7079936


0 0 7080960


0 0 7081984


0 0 7083008


0 0 7084032


0 0 7085056


0 0 7086080


0 0 7087104


0 0 7088128


0 0 7089152


0 0 7090176


0 0 7091200


0 0 7092224


0 0 7093248


0 0 7094272


0 0 7095296


0 0 7096320


0 0 7097344


0 0 7098368


0 0 7099392


0 0 7100416


0 0 7101440


0 0 7102464


0 0 7103488


0 0 7104512


0 0 7105536


0 0 7106560


0 0 7107584


0 0 7108608


0 0 7109632


0 0 7110656


0 0 7111680


0 0 7112704


0 0 7113728


0 0 7114752


0 0 7115776


0 0 7116800


0 0 7117824


0 0 7118848


0 0 7119872


0 0 7120896


0 0 7121920


0 0 7122944


0 0 7123968


0 0 7124992


0 0 7126016


0 0 7127040


0 0 7128064


0 0 7129088


0 0 7130112


0 0 7131136


0 0 7132160


0 0 7133184


0 0 7134208


0 0 7135232


0 0 7136256


0 0 7137280


0 0 7138304


0 0 7139328


0 0 7140352


0 0 7141376


0 0 7142400


0 0 7143424


0 0 7144448


0 0 7145472


0 0 7146496


0 0 7147520


0 0 7148544


0 0 7149568


0 0 7150592


0 0 7151616


0 0 7152640


0 0 7153664


0 0 7154688


0 0 7155712


0 0 7156736


0 0 7157760


0 0 7158784


0 0 7159808


0 0 7160832


0 0 7161856


0 0 7162880


0 0 7163904


0 0 7164928


0 0 7165952


0 0 7166976


0 0 7168000


0 0 7169024


0 0 7170048


0 0 7171072


0 0 7172096


0 0 7173120


0 0 7174144


0 0 7175168


0 0 7176192


0 0 7177216


0 0 7178240


0 0 7179264


0 0 7180288


0 0 7181312


0 0 7182336


0 0 7183360


0 0 7184384


0 0 7185408


0 0 7186432


0 0 7187456


0 0 7188480


0 0 7189504


0 0 7190528


0 0 7191552


0 0 7192576


0 0 7193600


0 0 7194624


0 0 7195648


0 0 7196672


0 0 7197696


0 0 7198720


0 0 7199744


0 0 7200768


0 0 7201792


0 0 7202816


0 0 7203840


0 0 7204864


0 0 7205888


0 0 7206912


0 0 7207936


0 0 7208960


0 0 7209984


0 0 7211008


0 0 7212032


0 0 7213056


0 0 7214080


0 0 7215104


0 0 7216128


0 0 7217152


0 0 7218176


0 0 7219200


0 0 7220224


0 0 7221248


0 0 7222272


0 0 7223296


0 0 7224320


0 0 7225344


0 0 7226368


0 0 7227392


0 0 7228416


0 0 7229440


0 0 7230464


0 0 7231488


0 0 7232512


0 0 7233536


0 0 7234560


0 0 7235584


0 0 7236608


0 0 7237632


0 0 7238656


0 0 7239680


0 0 7240704


0 0 7241728


0 0 7242752


0 0 7243776


0 0 7244800


0 0 7245824


0 0 7246848


0 0 7247872


0 0 7248896


0 0 7249920


0 0 7250944


0 0 7251968


0 0 7252992


0 0 7254016


0 0 7255040


0 0 7256064


0 0 7257088


0 0 7258112


0 0 7259136


0 0 7260160


0 0 7261184


0 0 7262208


0 0 7263232


0 0 7264256


0 0 7265280


0 0 7266304


0 0 7267328


0 0 7268352


0 0 7269376


0 0 7270400


0 0 7271424


0 0 7272448


0 0 7273472


0 0 7274496


0 0 7275520


0 0 7276544


0 0 7277568


0 0 7278592


0 0 7279616


0 0 7280640


0 0 7281664


0 0 7282688


0 0 7283712


0 0 7284736


0 0 7285760


0 0 7286784


0 0 7287808


0 0 7288832


0 0 7289856


0 0 7290880


0 0 7291904


0 0 7292928


0 0 7293952


0 0 7294976


0 0 7296000


0 0 7297024


0 0 7298048


0 0 7299072


0 0 7300096


0 0 7301120


0 0 7302144


0 0 7303168


0 0 7304192


0 0 7305216


0 0 7306240


0 0 7307264


0 0 7308288


0 0 7309312


0 0 7310336


0 0 7311360


0 0 7312384


0 0 7313408


0 0 7314432


0 0 7315456


0 0 7316480


0 0 7317504


0 0 7318528


0 0 7319552


0 0 7320576


0 0 7321600


0 0 7322624


0 0 7323648


0 0 7324672


0 0 7325696


0 0 7326720


0 0 7327744


0 0 7328768


0 0 7329792


0 0 7330816


0 0 7331840


0 0 7332864


0 0 7333888


0 0 7334912


0 0 7335936


0 0 7336960


0 0 7337984


0 0 7339008


0 0 7340032


0 0 7341056


0 0 7342080


0 0 7343104


0 0 7344128


0 0 7345152


0 0 7346176


0 0 7347200


0 0 7348224


0 0 7349248


0 0 7350272


0 0 7351296


0 0 7352320


0 0 7353344


0 0 7354368


0 0 7355392


0 0 7356416


0 0 7357440


0 0 7358464


0 0 7359488


0 0 7360512


0 0 7361536


0 0 7362560


0 0 7363584


0 0 7364608


0 0 7365632


0 0 7366656


0 0 7367680


0 0 7368704


0 0 7369728


0 0 7370752


0 0 7371776


0 0 7372800


0 0 7373824


0 0 7374848


0 0 7375872


0 0 7376896


0 0 7377920


0 0 7378944


0 0 7379968


0 0 7380992


0 0 7382016


0 0 7383040


0 0 7384064


0 0 7385088


0 0 7386112


0 0 7387136


0 0 7388160


0 0 7389184


0 0 7390208


0 0 7391232


0 0 7392256


0 0 7393280


0 0 7394304


0 0 7395328


0 0 7396352


0 0 7397376


0 0 7398400


0 0 7399424


0 0 7400448


0 0 7401472


0 0 7402496


0 0 7403520


0 0 7404544


0 0 7405568


0 0 7406592


0 0 7407616


0 0 7408640


0 0 7409664


0 0 7410688


0 0 7411712


0 0 7412736


0 0 7413760


0 0 7414784


0 0 7415808


0 0 7416832


0 0 7417856


0 0 7418880


0 0 7419904


0 0 7420928


0 0 7421952


0 0 7422976


0 0 7424000


0 0 7425024


0 0 7426048


0 0 7427072


0 0 7428096


0 0 7429120


0 0 7430144


0 0 7431168


0 0 7432192


0 0 7433216


0 0 7434240


0 0 7435264


0 0 7436288


0 0 7437312


0 0 7438336


0 0 7439360


0 0 7440384


0 0 7441408


0 0 7442432


0 0 7443456


0 0 7444480


0 0 7445504


0 0 7446528


0 0 7447552


0 0 7448576


0 0 7449600


0 0 7450624


0 0 7451648


0 0 7452672


0 0 7453696


0 0 7454720


0 0 7455744


0 0 7456768


0 0 7457792


0 0 7458816


0 0 7459840


0 0 7460864


0 0 7461888


0 0 7462912


0 0 7463936


0 0 7464960


0 0 7465984


0 0 7467008


0 0 7468032


0 0 7469056


0 0 7470080


0 0 7471104


0 0 7472128


0 0 7473152


0 0 7474176


0 0 7475200


0 0 7476224


0 0 7477248


0 0 7478272


0 0 7479296


0 0 7480320


0 0 7481344


0 0 7482368


0 0 7483392


0 0 7484416


0 0 7485440


0 0 7486464


0 0 7487488


0 0 7488512


0 0 7489536


0 0 7490560


0 0 7491584


0 0 7492608


0 0 7493632


0 0 7494656


0 0 7495680


0 0 7496704


0 0 7497728


0 0 7498752


0 0 7499776


0 0 7500800


0 0 7501824


0 0 7502848


0 0 7503872


0 0 7504896


0 0 7505920


0 0 7506944


0 0 7507968


0 0 7508992


0 0 7510016


0 0 7511040


0 0 7512064


0 0 7513088


0 0 7514112


0 0 7515136


0 0 7516160


0 0 7517184


0 0 7518208


0 0 7519232


0 0 7520256


0 0 7521280


0 0 7522304


0 0 7523328


0 0 7524352


0 0 7525376


0 0 7526400


0 0 7527424


0 0 7528448


0 0 7529472


0 0 7530496


0 0 7531520


0 0 7532544


0 0 7533568


0 0 7534592


0 0 7535616


0 0 7536640


0 0 7537664


0 0 7538688


0 0 7539712


0 0 7540736


0 0 7541760


0 0 7542784


0 0 7543808


0 0 7544832


0 0 7545856


0 0 7546880


0 0 7547904


0 0 7548928


0 0 7549952


0 0 7550976


0 0 7552000


0 0 7553024


0 0 7554048


0 0 7555072


0 0 7556096


0 0 7557120


0 0 7558144


0 0 7559168


0 0 7560192


0 0 7561216


0 0 7562240


0 0 7563264


0 0 7564288


0 0 7565312


0 0 7566336


0 0 7567360


0 0 7568384


0 0 7569408


0 0 7570432


0 0 7571456


0 0 7572480


0 0 7573504


0 0 7574528


0 0 7575552


0 0 7576576


0 0 7577600


0 0 7578624


0 0 7579648


0 0 7580672


0 0 7581696


0 0 7582720


0 0 7583744


0 0 7584768


0 0 7585792


0 0 7586816


0 0 7587840


0 0 7588864


0 0 7589888


0 0 7590912


0 0 7591936


0 0 7592960


0 0 7593984


0 0 7595008


0 0 7596032


0 0 7597056


0 0 7598080


0 0 7599104


0 0 7600128


0 0 7601152


0 0 7602176


0 0 7603200


0 0 7604224


0 0 7605248


0 0 7606272


0 0 7607296


0 0 7608320


0 0 7609344


0 0 7610368


0 0 7611392


0 0 7612416


0 0 7613440


0 0 7614464


0 0 7615488


0 0 7616512


0 0 7617536


0 0 7618560


0 0 7619584


0 0 7620608


0 0 7621632


0 0 7622656


0 0 7623680


0 0 7624704


0 0 7625728


0 0 7626752


0 0 7627776


0 0 7628800


0 0 7629824


0 0 7630848


0 0 7631872


0 0 7632896


0 0 7633920


0 0 7634944


0 0 7635968


0 0 7636992


0 0 7638016


0 0 7639040


0 0 7640064


0 0 7641088


0 0 7642112


0 0 7643136


0 0 7644160


0 0 7645184


0 0 7646208


0 0 7647232


0 0 7648256


0 0 7649280


0 0 7650304


0 0 7651328


0 0 7652352


0 0 7653376


0 0 7654400


0 0 7655424


0 0 7656448


0 0 7657472


0 0 7658496


0 0 7659520


0 0 7660544


0 0 7661568


0 0 7662592


0 0 7663616


0 0 7664640


0 0 7665664


0 0 7666688


0 0 7667712


0 0 7668736


0 0 7669760


0 0 7670784


0 0 7671808


0 0 7672832


0 0 7673856


0 0 7674880


0 0 7675904


0 0 7676928


0 0 7677952


0 0 7678976


0 0 7680000


0 0 7681024


0 0 7682048


0 0 7683072


0 0 7684096


0 0 7685120


0 0 7686144


0 0 7687168


0 0 7688192


0 0 7689216


0 0 7690240


0 0 7691264


0 0 7692288


0 0 7693312


0 0 7694336


0 0 7695360


0 0 7696384


0 0 7697408


0 0 7698432


0 0 7699456


0 0 7700480


0 0 7701504


0 0 7702528


0 0 7703552


0 0 7704576


0 0 7705600


0 0 7706624


0 0 7707648


0 0 7708672


0 0 7709696


0 0 7710720


0 0 7711744


0 0 7712768


0 0 7713792


0 0 7714816


0 0 7715840


0 0 7716864


0 0 7717888


0 0 7718912


0 0 7719936


0 0 7720960


0 0 7721984


0 0 7723008


0 0 7724032


0 0 7725056


0 0 7726080


0 0 7727104


0 0 7728128


0 0 7729152


0 0 7730176


0 0 7731200


0 0 7732224


0 0 7733248


0 0 7734272


0 0 7735296


0 0 7736320


0 0 7737344


0 0 7738368


0 0 7739392


0 0 7740416


0 0 7741440


0 0 7742464


0 0 7743488


0 0 7744512


0 0 7745536


0 0 7746560


0 0 7747584


0 0 7748608


0 0 7749632


0 0 7750656


0 0 7751680


0 0 7752704


0 0 7753728


0 0 7754752


0 0 7755776


0 0 7756800


0 0 7757824


0 0 7758848


0 0 7759872


0 0 7760896


0 0 7761920


0 0 7762944


0 0 7763968


0 0 7764992


0 0 7766016


0 0 7767040


0 0 7768064


0 0 7769088


0 0 7770112


0 0 7771136


0 0 7772160


0 0 7773184


0 0 7774208


0 0 7775232


0 0 7776256


0 0 7777280


0 0 7778304


0 0 7779328


0 0 7780352


0 0 7781376


0 0 7782400


0 0 7783424


0 0 7784448


0 0 7785472


0 0 7786496


0 0 7787520


0 0 7788544


0 0 7789568


0 0 7790592


0 0 7791616


0 0 7792640


0 0 7793664


0 0 7794688


0 0 7795712


0 0 7796736


0 0 7797760


0 0 7798784


0 0 7799808


0 0 7800832


0 0 7801856


0 0 7802880


0 0 7803904


0 0 7804928


0 0 7805952


0 0 7806976


0 0 7808000


0 0 7809024


0 0 7810048


0 0 7811072


0 0 7812096


0 0 7813120


0 0 7814144


0 0 7815168


0 0 7816192


0 0 7817216


0 0 7818240


0 0 7819264


0 0 7820288


0 0 7821312


0 0 7822336


0 0 7823360


0 0 7824384


0 0 7825408


0 0 7826432


0 0 7827456


0 0 7828480


0 0 7829504


0 0 7830528


0 0 7831552


0 0 7832576


0 0 7833600


0 0 7834624


0 0 7835648


0 0 7836672


0 0 7837696


0 0 7838720


0 0 7839744


0 0 7840768


0 0 7841792


0 0 7842816


0 0 7843840


0 0 7844864


0 0 7845888


0 0 7846912


0 0 7847936


0 0 7848960


0 0 7849984


0 0 7851008


0 0 7852032


0 0 7853056


0 0 7854080


0 0 7855104


0 0 7856128


0 0 7857152


0 0 7858176


0 0 7859200


0 0 7860224


0 0 7861248


0 0 7862272


0 0 7863296


0 0 7864320


0 0 7865344


0 0 7866368


0 0 7867392


0 0 7868416


0 0 7869440


0 0 7870464


0 0 7871488


0 0 7872512


0 0 7873536


0 0 7874560


0 0 7875584


0 0 7876608


0 0 7877632


0 0 7878656


0 0 7879680


0 0 7880704


0 0 7881728


0 0 7882752


0 0 7883776


0 0 7884800


0 0 7885824


0 0 7886848


0 0 7887872


0 0 7888896


0 0 7889920


0 0 7890944


0 0 7891968


0 0 7892992


0 0 7894016


0 0 7895040


0 0 7896064


0 0 7897088


0 0 7898112


0 0 7899136


0 0 7900160


0 0 7901184


0 0 7902208


0 0 7903232


0 0 7904256


0 0 7905280


0 0 7906304


0 0 7907328


0 0 7908352


0 0 7909376


0 0 7910400


0 0 7911424


0 0 7912448


0 0 7913472


0 0 7914496


0 0 7915520


0 0 7916544


0 0 7917568


0 0 7918592


0 0 7919616


0 0 7920640


0 0 7921664


0 0 7922688


0 0 7923712


0 0 7924736


0 0 7925760


0 0 7926784


0 0 7927808


0 0 7928832


0 0 7929856


0 0 7930880


0 0 7931904


0 0 7932928


0 0 7933952


0 0 7934976


0 0 7936000


0 0 7937024


0 0 7938048


0 0 7939072


0 0 7940096


0 0 7941120


0 0 7942144


0 0 7943168


0 0 7944192


0 0 7945216


0 0 7946240


0 0 7947264


0 0 7948288


0 0 7949312


0 0 7950336


0 0 7951360


0 0 7952384


0 0 7953408


0 0 7954432


0 0 7955456


0 0 7956480


0 0 7957504


0 0 7958528


0 0 7959552


0 0 7960576


0 0 7961600


0 0 7962624


0 0 7963648


0 0 7964672


0 0 7965696


0 0 7966720


0 0 7967744


0 0 7968768


0 0 7969792


0 0 7970816


0 0 7971840


0 0 7972864


0 0 7973888


0 0 7974912


0 0 7975936


0 0 7976960


0 0 7977984


0 0 7979008


0 0 7980032


0 0 7981056


0 0 7982080


0 0 7983104


0 0 7984128


0 0 7985152


0 0 7986176


0 0 7987200


0 0 7988224


0 0 7989248


0 0 7990272


0 0 7991296


0 0 7992320


0 0 7993344


0 0 7994368


0 0 7995392


0 0 7996416


0 0 7997440


0 0 7998464


0 0 7999488


0 0 8000512


0 0 8001536


0 0 8002560


0 0 8003584


0 0 8004608


0 0 8005632


0 0 8006656


0 0 8007680


0 0 8008704


0 0 8009728


0 0 8010752


0 0 8011776


0 0 8012800


0 0 8013824


0 0 8014848


0 0 8015872


0 0 8016896


0 0 8017920


0 0 8018944


0 0 8019968


0 0 8020992


0 0 8022016


0 0 8023040


0 0 8024064


0 0 8025088


0 0 8026112


0 0 8027136


0 0 8028160


0 0 8029184


0 0 8030208


0 0 8031232


0 0 8032256


0 0 8033280


0 0 8034304


0 0 8035328


0 0 8036352


0 0 8037376


0 0 8038400


0 0 8039424


0 0 8040448


0 0 8041472


0 0 8042496


0 0 8043520


0 0 8044544


0 0 8045568


0 0 8046592


0 0 8047616


0 0 8048640


0 0 8049664


0 0 8050688


0 0 8051712


0 0 8052736


0 0 8053760


0 0 8054784


0 0 8055808


0 0 8056832


0 0 8057856


0 0 8058880


0 0 8059904


0 0 8060928


0 0 8061952


0 0 8062976


0 0 8064000


0 0 8065024


0 0 8066048


0 0 8067072


0 0 8068096


0 0 8069120


0 0 8070144


0 0 8071168


0 0 8072192


0 0 8073216


0 0 8074240


0 0 8075264


0 0 8076288


0 0 8077312


0 0 8078336


0 0 8079360


0 0 8080384


0 0 8081408


0 0 8082432


0 0 8083456


0 0 8084480


0 0 8085504


0 0 8086528


0 0 8087552


0 0 8088576


0 0 8089600


0 0 8090624


0 0 8091648


0 0 8092672


0 0 8093696


0 0 8094720


0 0 8095744


0 0 8096768


0 0 8097792


0 0 8098816


0 0 8099840


0 0 8100864


0 0 8101888


0 0 8102912


0 0 8103936


0 0 8104960


0 0 8105984


0 0 8107008


0 0 8108032


0 0 8109056


0 0 8110080


0 0 8111104


0 0 8112128


0 0 8113152


0 0 8114176


0 0 8115200


0 0 8116224


0 0 8117248


0 0 8118272


0 0 8119296


0 0 8120320


0 0 8121344


0 0 8122368


0 0 8123392


0 0 8124416


0 0 8125440


0 0 8126464


0 0 8127488


0 0 8128512


0 0 8129536


0 0 8130560


0 0 8131584


0 0 8132608


0 0 8133632


0 0 8134656


0 0 8135680


0 0 8136704


0 0 8137728


0 0 8138752


0 0 8139776


0 0 8140800


0 0 8141824


0 0 8142848


0 0 8143872


0 0 8144896


0 0 8145920


0 0 8146944


0 0 8147968


0 0 8148992


0 0 8150016


0 0 8151040


0 0 8152064


0 0 8153088


0 0 8154112


0 0 8155136


0 0 8156160


0 0 8157184


0 0 8158208


0 0 8159232


0 0 8160256


0 0 8161280


0 0 8162304


0 0 8163328


0 0 8164352


0 0 8165376


0 0 8166400


0 0 8167424


0 0 8168448


0 0 8169472


0 0 8170496


0 0 8171520


0 0 8172544


0 0 8173568


0 0 8174592


0 0 8175616


0 0 8176640


0 0 8177664


0 0 8178688


0 0 8179712


0 0 8180736


0 0 8181760


0 0 8182784


0 0 8183808


0 0 8184832


0 0 8185856


0 0 8186880


0 0 8187904


0 0 8188928


0 0 8189952


0 0 8190976


0 0 8192000


0 0 8193024


0 0 8194048


0 0 8195072


0 0 8196096


0 0 8197120


0 0 8198144


0 0 8199168


0 0 8200192


0 0 8201216


0 0 8202240


0 0 8203264


0 0 8204288


0 0 8205312


0 0 8206336


0 0 8207360


0 0 8208384


0 0 8209408


0 0 8210432


0 0 8211456


0 0 8212480


0 0 8213504


0 0 8214528


0 0 8215552


0 0 8216576


0 0 8217600


0 0 8218624


0 0 8219648


0 0 8220672


0 0 8221696


0 0 8222720


0 0 8223744


0 0 8224768


0 0 8225792


0 0 8226816


0 0 8227840


0 0 8228864


0 0 8229888


0 0 8230912


0 0 8231936


0 0 8232960


0 0 8233984


0 0 8235008


0 0 8236032


0 0 8237056


0 0 8238080


0 0 8239104


0 0 8240128


0 0 8241152


0 0 8242176


0 0 8243200


0 0 8244224


0 0 8245248


0 0 8246272


0 0 8247296


0 0 8248320


0 0 8249344


0 0 8250368


0 0 8251392


0 0 8252416


0 0 8253440


0 0 8254464


0 0 8255488


0 0 8256512


0 0 8257536


0 0 8258560


0 0 8259584


0 0 8260608


0 0 8261632


0 0 8262656


0 0 8263680


0 0 8264704


0 0 8265728


0 0 8266752


0 0 8267776


0 0 8268800


0 0 8269824


0 0 8270848


0 0 8271872


0 0 8272896


0 0 8273920


0 0 8274944


0 0 8275968


0 0 8276992


0 0 8278016


0 0 8279040


0 0 8280064


0 0 8281088


0 0 8282112


0 0 8283136


0 0 8284160


0 0 8285184


0 0 8286208


0 0 8287232


0 0 8288256


0 0 8289280


0 0 8290304


0 0 8291328


0 0 8292352


0 0 8293376


0 0 8294400


0 0 8295424


0 0 8296448


0 0 8297472


0 0 8298496


0 0 8299520


0 0 8300544


0 0 8301568


0 0 8302592


0 0 8303616


0 0 8304640


0 0 8305664


0 0 8306688


0 0 8307712


0 0 8308736


0 0 8309760


0 0 8310784


0 0 8311808


0 0 8312832


0 0 8313856


0 0 8314880


0 0 8315904


0 0 8316928


0 0 8317952


0 0 8318976


0 0 8320000


0 0 8321024


0 0 8322048


0 0 8323072


0 0 8324096


0 0 8325120


0 0 8326144


0 0 8327168


0 0 8328192


0 0 8329216


0 0 8330240


0 0 8331264


0 0 8332288


0 0 8333312


0 0 8334336


0 0 8335360


0 0 8336384


0 0 8337408


0 0 8338432


0 0 8339456


0 0 8340480


0 0 8341504


0 0 8342528


0 0 8343552


0 0 8344576


0 0 8345600


0 0 8346624


0 0 8347648


0 0 8348672


0 0 8349696


0 0 8350720


0 0 8351744


0 0 8352768


0 0 8353792


0 0 8354816


0 0 8355840


0 0 8356864


0 0 8357888


0 0 8358912


0 0 8359936


0 0 8360960


0 0 8361984


0 0 8363008


0 0 8364032


0 0 8365056


0 0 8366080


0 0 8367104


0 0 8368128


0 0 8369152


0 0 8370176


0 0 8371200


0 0 8372224


0 0 8373248


0 0 8374272


0 0 8375296


0 0 8376320


0 0 8377344


0 0 8378368


0 0 8379392


0 0 8380416


0 0 8381440


0 0 8382464


0 0 8383488


0 0 8384512


0 0 8385536


0 0 8386560


0 0 8387584


0 0 8388608


